Airport1,Airport2,TotalReservations
KPBI,KTEB,17
KHPN,KPBI,14
KIAD,KPBI,10
KMIA,KTEB,7
KMDW,KTEB,6
KAUS,KMAF,6
KEGE,KTEB,6
KDAL,KTEB,6
KSJC,KSNA,6
KLAS,KSNA,6
KBOS,KPBI,6
KPBI,MYNN,5
KSJC,KVNY,5
KOPF,KTEB,5
KTEB,TXKF,4
KHPN,KJAC,4
KEGE,KHPN,4
KAUS,KMEM,4
KSGR,MMSD,4
KRDU,KTEB,4
KCLT,KTEB,4
KTEB,MYNN,4
KCMH,KROA,4
KHPN,KSUA,4
KRIL,KVNY,3
KBFI,KSNA,3
KRIL,KSDL,3
KDAL,KIAD,3
KSGR,MYNN,3
KSBA,KSJC,3
KSBA,KTEB,3
KEGE,KPWK,3
KASE,KTEB,3
KAUS,KDAL,3
KFTY,KTEB,3
KFLL,TQPF,3
KFLL,MYNN,3
KFTW,KHOU,3
KAUS,MMPR,3
KPVD,KTEB,3
CYYZ,KPBI,3
CYYZ,KTEB,3
KSNA,KSUN,3
KASE,KMIA,3
KAPF,KRIC,3
KAPF,KRDU,3
KHPN,KMIA,3
KHPN,KVRB,3
KHPN,TAPA,3
KFTY,KOPF,3
KHOU,KMAF,3
KAPF,KBNA,3
KIAD,KTEB,3
KIAD,KTTN,3
KMMU,MYAM,3
KAPA,KSDL,3
KMSP,KSLC,3
KMRY,KVNY,3
KMIA,KPWK,3
KAPF,KPWK,3
KMCO,KPDK,3
KJZI,KTEB,3
KLAS,KLAX,3
KIAD,KPDX,3
KBZN,KSFO,3
KAPF,KDAL,3
KBZN,KDAL,3
KDAL,KLEX,3
KCMH,KFLL,3
KBZN,KHPN,3
KBCT,KHPN,3
KBDL,KBZN,3
KBHM,KPBI,3
KBOS,KBZN,3
KSUA,KTEB,3
KTEB,KTEB,2
KBED,KSRQ,2
KBPT,KPHL,2
KBTR,KDTS,2
KBOS,KSLC,2
KBOS,KSUA,2
KBOS,KTEB,2
KBOS,KLGA,2
KBOS,KOPF,2
KBOS,KPHL,2
KBOS,KCHS,2
KBNA,KPBI,2
KBNA,KTEB,2
KBNA,KBZN,2
KBJC,KSNA,2
KBHM,KSDF,2
KBHM,KJWN,2
KBHM,KMGM,2
KBHM,KPIA,2
KVRB,MYNN,2
KTPA,MYAM,2
KTPA,MYNN,2
KTUL,KUGN,2
KTEB,TJSJ,2
KTEB,MYAM,2
CYUL,KTEB,2
KAGS,KIAD,2
KALN,KJVY,2
KBDR,KIAD,2
KBED,KBUF,2
KBCT,KTEB,2
KCRQ,KSDL,2
KCPS,KMSN,2
KCRG,KFTY,2
KCRG,KPBI,2
KCOS,KIAH,2
KCLE,KPBI,2
KCID,KPWK,2
KCHO,KTEB,2
KCHO,KIAG,2
KBZN,KSNA,2
KBZN,KTEB,2
KBZN,KLAS,2
KBZN,KNUQ,2
KBWI,KPBI,2
KBUR,KSAC,2
KBUF,KBWI,2
KBUF,KHPN,2
11R,KDAL,2
KAPF,KMDW,2
KAPF,KMIA,2
KAPF,KHPN,2
KAPF,KMCO,2
KAPF,KFOK,2
KMCO,KOPF,2
KLUK,KSLC,2
KLUK,KSTL,2
KLIT,KRDU,2
KLIT,KMAF,2
KLAX,KRNO,2
KLAX,KRIL,2
KLAS,KVNY,2
KLAS,MMPR,2
KLAL,KRDU,2
KLAS,KPHL,2
KLAF,KPWK,2
KJAC,KLUK,2
KINT,KVNC,2
KILN,KPBI,2
KILN,KTTN,2
KIAD,KRDU,2
KIAD,KMIA,2
KMSN,KSDL,2
KMRY,KTRM,2
KAPF,KCMH,2
KAPF,KAPF,2
KAPF,KBED,2
KAPF,KBHM,2
KAPA,KVNY,2
KAPA,KMSP,2
KMRY,KSDL,2
KMMU,KSOP,2
KMMU,KSRQ,2
KMMU,KSUA,2
KMKC,KSTL,2
KMIA,KPHL,2
KMIA,KRIL,2
KMIA,KSUS,2
KMHT,KTEB,2
KMIA,KOXC,2
KMDW,KSUX,2
KMDW,KPDK,2
KMDW,KSDL,2
KMCO,KSUS,2
KMCO,KTPA,2
KAPF,KPIA,2
KIAD,KMMU,2
KIAD,KOCF,2
KIAD,KICT,2
KIAD,KMCO,2
KIAD,KIAD,2
KASE,KBTR,2
KASE,KHPN,2
KAPF,KSUS,2
KAPF,KTEB,2
KAPF,KSTL,2
KHVN,KPBI,2
KHWD,KLAS,2
KHPN,TQPF,2
KHPN,KRIL,2
KHPN,KIAD,2
KHPN,KJZI,2
KHOU,KSTL,2
KHOU,MYGF,2
KHOT,KRSW,2
KHOU,KHVN,2
KHOU,KISM,2
KHOU,KNEW,2
KHOU,KPBI,2
KHOU,KSAT,2
KAUS,KHHR,2
KAUS,KHOU,2
KASE,KSUA,2
KASN,KPBI,2
KASE,KSGR,2
KGSO,KMIA,2
KGSP,KROA,2
KGPI,KVNY,2
KGRR,KOFP,2
KGON,KPBI,2
KGJT,KHPN,2
KGJT,KTEB,2
KFXE,KPHL,2
KFXE,KSRQ,2
KFXE,KHPN,2
KFRG,KIAD,2
KFRG,MBPV,2
KFLL,KHPN,2
KFLL,KPDK,2
KFHB,KORL,2
KFAR,KOMA,2
KFAT,KSFO,2
KAUS,KTEB,2
KAUS,KTEX,2
KAUS,KVNY,2
KEVV,KEYW,2
KELP,KSDL,2
KEKM,KMSL,2
KELP,KLAS,2
KEGE,KLNK,2
KECP,KJAX,2
KDWH,KMBT,2
KDWH,KOKC,2
KDTS,KMSY,2
KDTS,KPDK,2
KDSM,KJZI,2
KDFW,KMIA,2
KDFW,KORD,2
KDAL,MMSL,2
KDAL,MYNN,2
KDAL,KSGR,2
KDAL,KSLC,2
KDAL,KSWO,2
KDAL,KLIT,2
KDAL,KMCO,2
KDAL,KMSO,2
KDAL,KHPN,2
07FA,KLUK,2
CYYZ,KMDW,2
KADS,KBEH,2
KPSM,KRYY,2
KPSP,MMSD,2
KPVD,KSUA,2
KPDK,KSUA,2
KPDK,KTEB,2
KPBI,KTPA,2
KPBI,KUES,2
KPBI,MYAM,2
KPBI,KSDF,2
KPBI,KSDL,2
KPBI,KSRQ,2
KPBI,KPBI,2
KPBI,KPDK,2
KPBI,KPHL,2
KPBI,KPIE,2
KPBI,KPWK,2
KPBI,KRSW,2
KOSU,KPBI,2
KOPF,MYNN,2
KOKC,KTME,2
KNUQ,KRNO,2
KOAK,KTRK,2
KMVY,KPHL,2
KMTJ,KVNY,2
KMSY,MBPV,2
KDAL,KLAS,2
KSRQ,KTEB,2
KSLC,KTEB,2
KSLC,KVNY,2
KSJC,KSLC,2
KSTS,KVNY,2
KSFO,KTEB,2
KSFO,KTUS,2
KSFO,MMSL,2
KSEZ,KVGT,2
KSDL,KVNY,2
KSDL,KSGR,2
KSDL,KSLC,2
KSBA,KSFO,2
KSDF,KTPA,2
KSAF,KTEB,2
KSAN,KSDL,2
KRNO,KSNA,2
KRIC,KTEB,2
KPWK,KSUA,2
KBFI,KSTS,2
KBED,KPBI,2
KTEB,MDCY,1
07FA,KAPF,1
07FA,KDAL,1
07FA,KFTY,1
07FA,KOCF,1
07FA,KSJC,1
07FA,KYIP,1
1A5,KMSY,1
38XS,KIAH,1
38XS,KSTL,1
3J1,KPBI,1
CYHU,MYLS,1
CYLW,KSUN,1
CYLW,LIML,1
CYQB,KBVY,1
CYQB,KIAD,1
CYQB,KJFK,1
CYVR,KBFI,1
CYVR,KBOS,1
CYVR,KHPN,1
CYVR,KMSP,1
CYVR,KOAK,1
CYVR,KSDL,1
CYVR,KTEB,1
CYWG,KSNA,1
CYYC,KHGR,1
CYYT,EINN,1
CYYT,KHPN,1
KABQ,MMSD,1
KABY,KHOU,1
KABY,KTEB,1
KACK,KBOS,1
KACY,KAPF,1
KACY,KBCT,1
KACY,KDFW,1
KACY,KSAV,1
FA54,KCHS,1
FA54,KMKE,1
FA54,KSGR,1
KABE,KMIA,1
KABQ,KCCR,1
KABQ,KSAF,1
KABQ,KVNY,1
KABQ,MMPR,1
EBLG,VIDP,1
EDDM,KTEB,1
EINN,LIML,1
F45,KCHS,1
F70,KCQF,1
F70,KMYL,1
F70,KSGU,1
FA54,KBXM,1
KSNA,PHOG,1
KSNL,KTEB,1
KSNY,KSTS,1
KSQI,KTUS,1
KSQI,KUES,1
KSRQ,KTMB,1
CYYZ,KMSP,1
EBLG,KDSM,1
KBKL,KMSL,1
KBKS,KCLT,1
KBKS,KSDL,1
KBLI,KEGE,1
KBLI,KVNY,1
KBLM,KMEM,1
KBLM,KSUA,1
KBNA,KBRD,1
KBJC,KHPN,1
KBJC,KLAS,1
KBJC,KMDW,1
KBJC,KMIA,1
KBJC,KOBE,1
KBJC,KSDL,1
KBJC,MMGM,1
KBJC,MMSD,1
KBIL,KLAS,1
KBIL,KSJC,1
KBIV,KPIE,1
KBIV,KTEB,1
KBJC,KCMH,1
KBJC,KDAL,1
KBJC,KFLL,1
KBJC,KFRG,1
KBHM,KHDN,1
KBHM,KIND,1
KBHM,KISM,1
KBHM,KLAS,1
KBHM,KMDW,1
KBHM,KPSP,1
KBHM,KSLC,1
KBIE,KFWA,1
KBOS,KHPN,1
KBOS,KMIA,1
KBOS,KPIT,1
KBOS,KRSW,1
KBOS,KSNA,1
KBOS,KVRB,1
KBOS,MRLB,1
KBOS,TQPF,1
KBNA,KTMB,1
KBNA,KTPA,1
KBNA,KTYR,1
KBNA,MYAM,1
KBOS,KBOS,1
KBOS,KBUF,1
KBOS,KCRW,1
KBOS,KFTY,1
KBNA,KJAX,1
KBNA,KLGA,1
KBNA,KMDD,1
KBNA,KMIA,1
KBNA,KORL,1
KBNA,KPIE,1
KBNA,KRSW,1
KBNA,KSRQ,1
KBNA,KBXM,1
KBNA,KCHA,1
KBNA,KDEN,1
KBNA,KEGE,1
KBNA,KERV,1
KBNA,KESN,1
KBNA,KHPN,1
KBNA,KIAD,1
KBFI,KPBI,1
KBFI,KPDX,1
KBFI,KPOC,1
KBFI,KPSP,1
KBFI,KRNO,1
KBFI,KSAF,1
KBFI,KSLC,1
KBFI,KSLN,1
KBEH,KPDK,1
KBFI,KBWI,1
KBFI,KCMH,1
KBFI,KDWA,1
KBFI,KDWH,1
KBFI,KGRB,1
KBFI,KHIO,1
KBFI,KLGB,1
KBED,KOPF,1
KBED,KPDK,1
KBED,KSLC,1
KBED,KTPA,1
KBED,MBPV,1
KBED,MDCY,1
KBED,MYNN,1
KBED,TQPF,1
KBPT,KMSY,1
KBRD,KRSW,1
KBRO,KBTR,1
KBRO,KDFW,1
KBRO,KHOU,1
KBED,KGJT,1
KBED,KJFK,1
KBED,KMDW,1
KBWG,KEFD,1
KBWI,KGSO,1
KBWI,KRDU,1
KBWI,KRIL,1
KBWI,KSLC,1
KBWI,MYNN,1
KBYG,KMKC,1
KBZN,KEWR,1
KBUR,KOAK,1
KBUR,KPHX,1
KBUR,KSAN,1
KBUR,KTRM,1
KBVX,KTPA,1
KBVY,KHPN,1
KBVY,KPBI,1
KBVY,MBPV,1
KBUF,KMIA,1
KBUF,KPBI,1
KBUF,KPIT,1
KBUF,KRSW,1
KBUF,KSLC,1
KBUR,KDAL,1
KBUR,KDEN,1
KBUR,KLAS,1
KBFI,KTEB,1
KBTR,KECP,1
KBTR,KFTW,1
KBTR,KSBA,1
KBTR,MYNN,1
KBTV,KPBI,1
KBUF,KFSD,1
KBUF,KJAC,1
KCEU,KDAB,1
KCEU,KJVY,1
KCEU,KNEW,1
KCGF,KFLL,1
KCGF,KMKY,1
KCHA,KECP,1
KCHA,KFXE,1
KCHA,KORL,1
KBZN,MMTL,1
KBZN,MYAT,1
KCAE,KGGE,1
KCAE,KGVL,1
KCAE,KORL,1
KCCR,KSDL,1
KCEF,KJFK,1
KCEU,KCLT,1
KBZN,KPWK,1
KBZN,KPWT,1
KBZN,KSBA,1
KBZN,KSGR,1
KBZN,KSJC,1
KBZN,KSUA,1
KBZN,KTPA,1
KBZN,KVNY,1
KBZN,KGOO,1
KBZN,KGVL,1
KBZN,KHOU,1
KBZN,KMEM,1
KBZN,KMSO,1
KBZN,KOAK,1
KBZN,KPDK,1
KBZN,KPSM,1
KCHS,MYNN,1
KCHS,TVSA,1
KCIC,KCLT,1
KCLE,KDAL,1
KCLE,KNEW,1
KCLE,KORL,1
KCLE,MYNN,1
KCLL,KFLL,1
KCHS,KPIE,1
KCHS,KSDL,1
KCHS,KSPA,1
KCHS,KTEB,1
KCHS,KUKF,1
KCHS,MDLR,1
KCHS,MMPR,1
KCHS,MMSD,1
KCHS,KCLT,1
KCHS,KCMH,1
KCHS,KICT,1
KCHS,KISM,1
KCHS,KJWN,1
KCHS,KLIT,1
KCHS,KMCO,1
KCHS,KMTH,1
KCHA,KSUA,1
KCHN,KTEB,1
KCHO,KCVG,1
KCHO,KLUK,1
KCHO,KMCO,1
KCHO,KRDU,1
KCHO,KSLC,1
KCHO,KSLN,1
KCMH,KMKC,1
KCMH,KMYR,1
KCMH,KPBI,1
KCMH,KPIT,1
KCMH,KPLN,1
KCMH,KRIC,1
KCMH,KRSW,1
KCMH,KSDL,1
KCLT,KVBT,1
KCMA,KCOU,1
KCMA,KPSP,1
KCMH,KCRE,1
KCMH,KDWH,1
KCMH,KHCR,1
KCMH,KMCO,1
KCMH,KMDW,1
KCLT,KJAC,1
KCLT,KJZI,1
KCLT,KLEX,1
KCLT,KNEW,1
KCLT,KOCF,1
KCLT,KORD,1
KCLT,KPDK,1
KCLT,KTMB,1
KCLL,KLAS,1
KCLL,KRIL,1
KCLL,KSGR,1
KCLT,KCMH,1
KCLT,KEGE,1
KCLT,KHCR,1
KCLT,KHPN,1
KCLT,KIAD,1
KCRQ,KSBM,1
KCRQ,KSLC,1
KCRQ,KTMB,1
KCRQ,KTWF,1
KCRQ,MMPR,1
KCRQ,TJSJ,1
KCSV,KJZI,1
KCXO,KSNA,1
KCRG,KMSP,1
KCRG,KOKC,1
KCRQ,KFMN,1
KCRQ,KHCR,1
KCRQ,KMMH,1
KCRQ,KMSY,1
KCRQ,KOAK,1
KCRQ,KRNO,1
KCOE,KSDL,1
KCON,KPOU,1
KCOS,KDSM,1
KCOU,KSTL,1
KCPP,KTPA,1
KCPP,MYAM,1
KCQF,KPDK,1
KCRG,KESN,1
KCMH,KSNY,1
KCMH,KSRQ,1
KCMH,KTUS,1
KCMI,KLUK,1
KCNI,KPBI,1
KCNU,KTXK,1
KCNY,KSMO,1
KCOD,KFCM,1
KBCT,MYAM,1
KBCT,MYNN,1
KBDL,KBIV,1
KBDL,KBNA,1
KBDL,KBTV,1
KBDL,KCXU,1
KBDL,KRIC,1
KBDN,KPSP,1
KBCT,KMMU,1
KBCT,KORD,1
KBCT,KPTK,1
KBCT,KPWK,1
KBCT,KSRQ,1
KBCT,KSUN,1
KBCT,KTPA,1
KBCT,KTTN,1
KDAL,KDSM,1
KDAL,KEGE,1
KBCT,KIAD,1
KBCT,KISM,1
KBCT,KJWN,1
KBCT,KLAS,1
KBCT,KLIT,1
KBCT,KMCO,1
KCXO,MYAM,1
KCXU,KHGR,1
KCYS,KRST,1
KDAB,KJQF,1
KDAB,KMTO,1
KDAB,KSUT,1
KDAB,KTEB,1
KDAB,MMUN,1
KDAY,KSRQ,1
KDBQ,KRNO,1
KDBQ,MMPR,1
KDCA,KHPN,1
KDCA,KPBI,1
KDEN,KHDN,1
KDEN,KSLC,1
KDFW,KIAD,1
KDAL,KTME,1
KDAL,MMPR,1
KDAL,MMSD,1
KDAL,TJSJ,1
KDAL,TNCM,1
KDAY,KFDY,1
KDAY,KFTY,1
KDAY,KPWK,1
KDAL,KLAX,1
KDAL,KMDD,1
KDAL,KMRY,1
KDAL,KOPF,1
KDAL,KPBI,1
KDAL,KPDK,1
KDAL,KSBA,1
KDAL,KSDL,1
KBDR,KCHS,1
KBDR,KMIA,1
KBDR,KMTH,1
KBDR,KRDU,1
KBED,KCHS,1
KDAL,KFLL,1
KDAL,KGUC,1
KDAL,KHOU,1
KEAU,KMKY,1
KECP,KHDC,1
KECP,KIND,1
KECP,KRSW,1
KECP,KSBN,1
KECP,KSHV,1
KECP,KSUS,1
KECP,KTMB,1
KDTS,KITH,1
KDTS,KMLU,1
KDTS,KSRQ,1
KDTW,KFXE,1
KDWA,KSLC,1
KDWH,KECP,1
KDWH,KVNY,1
KDZB,KEGE,1
KDSM,KIAD,1
KDSM,KMDW,1
KDSM,KMEM,1
KDSM,KPBI,1
KDSM,KPTK,1
KDTO,KLAF,1
KDTO,KSLC,1
KDTS,KGSP,1
KDFW,KPSC,1
KDIJ,KTEB,1
KDPA,KHXD,1
KDPA,KMCO,1
KDPA,KRSW,1
KDPA,KSRQ,1
KDRO,KSAT,1
KDRO,KTUL,1
KELP,KJAC,1
KELP,KMIA,1
KELP,KRIL,1
KELP,KSAN,1
KELP,KSNA,1
KELP,MMSL,1
KELP,T82,1
KENW,KSDL,1
KEGE,KSTL,1
KEGE,KTKI,1
KEGE,KTMB,1
KEGE,KTPA,1
KEGE,KVNY,1
KEGE,MWCR,1
KEKM,KMSP,1
KEKM,KTUL,1
KEGE,KPBI,1
KEGE,KPWA,1
KEGE,KRIC,1
KEGE,KRVS,1
KEGE,KSDL,1
KEGE,KSFO,1
KEGE,KSNA,1
KEGE,KSPI,1
KECP,KUIN,1
KEGE,KEUG,1
KEGE,KFRG,1
KEGE,KIAD,1
KEGE,KLUK,1
KEGE,KMIA,1
KEGE,KMKC,1
KEGE,KOMA,1
KAVL,KSGR,1
KAVP,KCHS,1
KAVP,KSLN,1
KAVQ,KISM,1
KAVQ,KLAS,1
KBCT,KBNA,1
KBCT,KBOS,1
KBCT,KBWI,1
KAUS,KSUN,1
KAUS,KTUS,1
KAUS,MMCZ,1
KAUS,MMSD,1
KAUS,MMSL,1
KAUS,MYAM,1
KAVL,KJZI,1
KAVL,KPBI,1
KAUS,KMRY,1
KAUS,KOKC,1
KAUS,KPGA,1
KAUS,KRIL,1
KAUS,KSAF,1
KAUS,KSGR,1
KAUS,KSLC,1
KAUS,KSRQ,1
KEQY,KHPN,1
KERI,KSRQ,1
KERI,KTMB,1
KERI,KTPA,1
KERV,KSDL,1
KESN,KSJC,1
KEUG,KLAS,1
KEUG,KVNY,1
KFCM,KSDL,1
KFCM,KUGN,1
KFDY,KSRQ,1
KFFC,KLAL,1
KFHB,KFTW,1
KFHB,KSDF,1
KFLG,KJAC,1
KFLG,KSLC,1
KEYW,KSDF,1
KEYW,KTEB,1
KFAR,KMDW,1
KFAT,KSAN,1
KFCI,KIAD,1
KFCI,KISM,1
KFCI,KTYS,1
KFCI,KVQQ,1
KEWR,MBPV,1
KEWR,MDCY,1
KEWR,MYNN,1
KEYW,KGSH,1
KEYW,KMTJ,1
KEYW,KPBI,1
KEYW,KPHL,1
KEYW,KPWK,1
KBCT,KBZN,1
KBCT,KCHS,1
KBCT,KDAB,1
KEWB,KSJC,1
KEWN,KPBI,1
KEWR,KFTY,1
KEWR,KMIA,1
KEWR,KOPF,1
KFSD,KSTL,1
KFTW,KSDL,1
KFTW,KSGR,1
KFTW,KSJC,1
KFTW,MMSD,1
KFTY,KHOU,1
KFTY,KMIA,1
KFTY,KOLV,1
KFNL,KJAX,1
KFNT,KMHV,1
KFOK,KOPF,1
KFRG,KFRG,1
KFRG,KFXE,1
KFRG,KMIA,1
KFRG,KPSP,1
KFRG,TQPF,1
KFLL,TNCM,1
KFMN,KHDE,1
KFMY,KJAX,1
KFMY,KLEX,1
KFMY,KOKC,1
KFMY,KRME,1
KFMY,KTCL,1
KFNL,KGJT,1
KFLL,KGSP,1
KFLL,KIAD,1
KFLL,KMDW,1
KFLL,KOMA,1
KFLL,KORF,1
KFLL,KPVD,1
KFLL,KTXK,1
KFLL,MYAF,1
KGJT,KICT,1
KGJT,KSAN,1
KGJT,KVNY,1
KGON,KTEB,1
KGOO,KHWD,1
KGPI,KHND,1
KGPI,KLAS,1
KGPI,KPTK,1
KFXE,KTEB,1
KFXE,KTRI,1
KFXE,MBPV,1
KFXE,MWCR,1
KFXE,MYNN,1
KFXE,TUPJ,1
KFYJ,KTMB,1
KGJT,KHOU,1
KFXE,KGRB,1
KFXE,KGSO,1
KFXE,KJQF,1
KFXE,KLAL,1
KFXE,KMQS,1
KFXE,KPDK,1
KFXE,KRIC,1
KFXE,KSDL,1
KFTY,KPGD,1
KFTY,KPIE,1
KFTY,KRSW,1
KFTY,KVNY,1
KFTY,KXNA,1
KFTY,MMTO,1
KFWA,KMKY,1
KFWA,KPHF,1
KHCR,KJAX,1
KHCR,KLAS,1
KHCR,KOMA,1
KHCR,KSDL,1
KHCR,KVNY,1
KHDC,KMKC,1
KHDN,KJBR,1
KHDN,KLAX,1
KGUC,KSGR,1
KGVL,KMCO,1
KGVL,KMKY,1
KGVL,KORL,1
KGVL,KRNT,1
KHBV,KSAT,1
KHBV,KSAV,1
KHCR,KIAD,1
KGSO,KPNS,1
KGSO,KSNA,1
KGSO,KSTL,1
KGSP,KMEM,1
KGSP,KSRQ,1
KGTU,KHXD,1
KGTU,KRIL,1
KGUC,KMDD,1
KGPI,KSAN,1
KGPT,KPHL,1
KGRB,KSUS,1
KGRR,TNCM,1
KGSH,KMKY,1
KGSO,KLEX,1
KGSO,KMEM,1
KGSO,KORL,1
KATL,KHXD,1
KATL,KJZI,1
KATL,KSGJ,1
KATL,MYEH,1
KATW,KCLT,1
KAUS,KBFI,1
KAUS,KBNA,1
KAUS,KBRO,1
KASE,KSFO,1
KASE,KSJC,1
KASE,KSRQ,1
KASE,KSTL,1
KASE,KTPA,1
KASE,KVNY,1
KASG,KBLM,1
KATL,KAVL,1
KHND,KSJC,1
KHND,KSNA,1
KHND,KVNY,1
KHOT,KMCN,1
KHOT,KMTJ,1
KASE,KPDX,1
KASE,KPWA,1
KASE,KSAN,1
KHDN,KOGD,1
KHDN,KPDK,1
KHDN,KSGJ,1
KHDN,KSJC,1
KHDN,KSTS,1
KHDN,KTEB,1
KHKS,KMEM,1
KHND,KIOW,1
KHPN,KRDU,1
KHPN,KSAV,1
KHPN,KSBN,1
KHPN,KSEF,1
KHPN,KSFO,1
KHPN,KSLC,1
KHPN,KTYS,1
KHPN,MDLR,1
KHPN,KJAX,1
KHPN,KLEB,1
KHPN,KLEX,1
KHPN,KMDW,1
KHPN,KMSP,1
KHPN,KMSY,1
KHPN,KMVY,1
KHPN,KOPF,1
KHOU,KTEX,1
KHOU,KVRB,1
KHOU,MMSD,1
KHOU,MPSM,1
KHOU,MYNN,1
KHOU,T82,1
KHPN,KHXD,1
KHPN,KISM,1
KAUS,KBZN,1
KAUS,KCHS,1
KAUS,KFCM,1
KAUS,KGKY,1
KAUS,KHCR,1
KHOU,KROW,1
KHOU,KSDL,1
KHOU,KSLC,1
KAPF,MMUN,1
KAPF,MRLB,1
KAPF,MYAM,1
KAPF,TBPB,1
KAPF,TJSJ,1
KASE,KBJC,1
KASE,KBZN,1
KASE,KDTW,1
KAPF,KRIL,1
KAPF,KRST,1
KAPF,KRVS,1
KAPF,KSBN,1
KAPF,KSGR,1
KAPF,KTKI,1
KAPF,KTTN,1
KAPF,KVNY,1
KHRL,KPWA,1
KHSV,KSUA,1
KHTS,KLIT,1
KHVN,KLNK,1
KHVN,KLUK,1
KHVN,TXKF,1
KHWD,KSLC,1
KHXD,KIAD,1
KHPN,MDPC,1
KHPN,MMSD,1
KHPN,TJSJ,1
KHPN,TNCM,1
KHPN,TUPJ,1
KHPN,TXKF,1
KHRF,KSFO,1
KHRF,KVNY,1
KIAD,KNUQ,1
KIAD,KPDK,1
KIAD,KPIT,1
KIAD,KPSP,1
KIAD,KSDL,1
KIAD,KSJC,1
KIAD,KSLC,1
KIAD,KSRQ,1
KIAD,KLCH,1
KIAD,KLGA,1
KIAD,KLIT,1
KIAD,KLUK,1
KIAD,KLWB,1
KIAD,KMDW,1
KIAD,KMKE,1
KIAD,KNEW,1
KHXD,KMDW,1
KHXD,KPBI,1
KHXD,KSHV,1
KHXD,KSRQ,1
KHXD,MDPC,1
KHYI,KTKI,1
KHYS,KSTC,1
KIAD,KJPX,1
KASE,KFXE,1
KASE,KJAC,1
KASE,KLAX,1
KASE,KMAF,1
KASE,KMDW,1
KASE,KMKY,1
KASE,KOCF,1
KASE,KOMA,1
KICT,KTTN,1
KILG,KMIA,1
KILG,KSTL,1
KILM,KLNS,1
KILM,KPBI,1
KIND,KLAX,1
KIND,KMSY,1
KIND,KORF,1
KICT,KJAC,1
KICT,KJAX,1
KICT,KLAX,1
KICT,KMDT,1
KICT,KMSY,1
KICT,KORD,1
KICT,KRIL,1
KICT,KSDL,1
KIAH,KLAS,1
KIAH,KMIA,1
KIAH,KSAC,1
KIAH,KSJC,1
KIAH,KSLC,1
KIAH,KSNA,1
KIAH,MDPC,1
KIAH,MYNN,1
KIAD,KSSI,1
KIAD,KSUA,1
KIAD,KTKI,1
KIAD,KTMB,1
KIAD,KVNY,1
KIAD,MDCY,1
KIAD,MMPR,1
KIAD,TQPF,1
KJAC,KPDX,1
KJAC,KPTK,1
KJAC,KRDM,1
KJAC,KRFD,1
KJAC,KSNA,1
KJAC,KSYR,1
KJAC,KVGT,1
KJAC,KVNY,1
KISP,TKPK,1
KIWA,MMSL,1
KIYK,KLAS,1
KIYK,KLVK,1
KJAC,KJWN,1
KJAC,KMIA,1
KJAC,KMKE,1
KJAC,KMTJ,1
KISM,KOAK,1
KISM,KPBI,1
KISM,KRDU,1
KISM,KSDL,1
KISM,KSLN,1
KISM,KSUA,1
KISM,KTEB,1
KISP,KVRB,1
KIND,KROA,1
KIND,KRSW,1
KIND,KTIX,1
KINT,KJAX,1
KINT,KPWK,1
KISM,KJWN,1
KISM,KLNK,1
KISM,KMIA,1
KJZI,KRIC,1
KJZI,KSGR,1
KJZI,KSRQ,1
KJZI,KSUA,1
KJZI,KSVH,1
KLAL,KMIA,1
KLAL,KNEW,1
KLAL,MYEN,1
KJWN,KRSW,1
KJYO,KMTJ,1
KJYO,KTEB,1
KJZI,KLUK,1
KJZI,KMKC,1
KJZI,KOKC,1
KJZI,KPIT,1
KJZI,KPWK,1
KJKA,KLIT,1
KJQF,KTEB,1
KJQF,KTPA,1
KJWN,KJZI,1
KJWN,KMRY,1
KJWN,KMSY,1
KJWN,KMTJ,1
KJWN,KPWK,1
KJAN,MYEH,1
KJAX,KTEB,1
KJAX,MYAM,1
KJAX,TNCM,1
KJAX,TUPJ,1
KJFK,KMTV,1
KJFK,KOXC,1
KJFK,KSGJ,1
KLAX,KSBA,1
KLAX,KSDM,1
KLAX,KSMF,1
KLAX,KSUA,1
KLAX,KTEB,1
KLAX,KUDD,1
KLAX,MMPR,1
KLAX,MMSL,1
KLAS,MMSL,1
KLAS,MRLB,1
KLAX,KLAX,1
KLAX,KMFR,1
KLAX,KMMH,1
KLAX,KMOD,1
KLAX,KMRY,1
KLAX,KPBI,1
KLAS,KSDL,1
KLAS,KSGR,1
KLAS,KSLN,1
KLAS,KTEB,1
KLAS,KUGN,1
KLAS,KVRB,1
KLAS,KXNA,1
KLAS,KYNG,1
KLAS,KLRD,1
KLAS,KOMA,1
KLAS,KPBI,1
KLAS,KPSC,1
KLAS,KPWM,1
KLAS,KRIL,1
KLAS,KRNM,1
KLAS,KSCK,1
KLUK,KRSW,1
KLUK,MYEH,1
KLVK,KPHX,1
KLVK,KRNO,1
KLVM,KSDL,1
KLWB,KMSP,1
KLWM,KSTS,1
KLZU,KPBI,1
KLNK,KRSW,1
KLNK,KSDL,1
KLNK,KTEB,1
KLNS,KPBI,1
KLRD,KMKC,1
KLRD,MMSD,1
KLUK,KPDK,1
KLUK,KRDU,1
KLGA,KMCO,1
KLGA,KMDW,1
KLGA,KPBI,1
KLGA,MMSD,1
KLGB,KPBI,1
KLIT,KMSY,1
KLIT,KTPA,1
KLMT,KPDX,1
KLBE,KTMB,1
KLBF,KLSE,1
KLBF,KMKG,1
KLBF,KSDL,1
KLBF,KUDD,1
KLEW,KPHF,1
KLEX,KSRQ,1
KLEX,KTEB,1
KAPF,KOCF,1
KAPF,KORL,1
KAPF,KOSU,1
KAPF,KPBI,1
KAPF,KPDK,1
KAPF,KPHL,1
KAPF,KPHX,1
KAPF,KPNE,1
KAPF,KJKA,1
KAPF,KLAF,1
KAPF,KLAS,1
KAPF,KLEX,1
KAPF,KLUK,1
KAPF,KMEM,1
KAPF,KMQS,1
KAPF,KMSP,1
KMCO,KSDL,1
KAPF,KCRE,1
KAPF,KCVG,1
KAPF,KFHB,1
KAPF,KGFL,1
KAPF,KGYY,1
KAPF,KHDC,1
KAPF,KHKS,1
KMAF,KSGR,1
KMAF,MMSL,1
KMAF,T82,1
KMBT,KTEB,1
KMCC,KOGD,1
KMCO,KMFD,1
KMCO,KORF,1
KMCO,KPWK,1
KMFR,KRDM,1
KMGY,KRME,1
KMGY,KTCL,1
KMHR,MMPR,1
KMHT,TJSJ,1
KMIA,KMIA,1
KMIA,KMSP,1
KMIA,KOGD,1
KMDW,KVNY,1
KMDW,KXNA,1
KMDW,T82,1
KMEM,KMLI,1
KMEM,KRSW,1
KMEM,KTKI,1
KMEM,MYAM,1
KMFE,MMTO,1
KMDW,KMGM,1
KMDW,KPSP,1
KMDW,KRIL,1
KMDW,KRYY,1
KMDW,KSLC,1
KMDW,KSLN,1
KMDW,KSRQ,1
KMDW,KTCL,1
KAPF,KPTK,1
KMCO,KSLC,1
KMCO,KTEB,1
KMCO,KVQQ,1
KMCO,MDPC,1
KMCO,MYAM,1
KMDT,KPSP,1
KMDT,KTEB,1
KMKE,KSUA,1
KMKT,KNEW,1
KMKY,KTTN,1
KMLB,KRIC,1
KMLI,KSLC,1
KMLI,KTYS,1
KMMU,KMTJ,1
KMMU,KOPF,1
KMKC,KPPO,1
KMKC,KSDL,1
KMKC,KSUA,1
KMKC,KTEB,1
KMKC,KUDD,1
KMKC,KUGN,1
KMKE,KMMU,1
KMKE,KMSP,1
KMIA,KWST,1
KMIA,MBPV,1
KMIA,MMUN,1
KMIA,MPMG,1
KMIA,MWCR,1
KMIA,MYLS,1
KMIA,MYNN,1
KMIA,SEQM,1
KMIA,KORL,1
KMIA,KPBI,1
KMIA,KPIE,1
KMIA,KPUB,1
KMIA,KSRQ,1
KMIA,KTPA,1
KMIA,KUUV,1
KMIA,KVQQ,1
KAPC,KJAC,1
KAPC,KMSP,1
KAPC,KOAK,1
KAPC,KPWA,1
KAPC,KSDL,1
KAPC,KTEB,1
KAPC,KVNY,1
KAPF,KBAF,1
KAPA,KPSP,1
KAPA,KSCD,1
KAPA,KSNA,1
KAPA,KSUA,1
KAPA,KTMB,1
KAPA,KTPA,1
KAPA,MMSL,1
KAPC,KBZN,1
KMOB,KRVS,1
KMQJ,KSCD,1
KMQS,KTMB,1
KMQS,KTPA,1
KMRY,KSAN,1
KMRY,KSTL,1
KAPA,KHDN,1
KAPA,KMKC,1
KMMU,KPDK,1
KMMU,KSDM,1
KMMU,KSLC,1
KMMU,KSTS,1
KMMU,KTPA,1
KMMU,MBPV,1
KMMU,MKJS,1
KMMU,TNCA,1
KMTJ,KSGR,1
KMTJ,KSUN,1
KMTJ,KTPA,1
KMTJ,KXNA,1
KMTN,KVNY,1
KMTN,KVRB,1
KMTN,TAPA,1
KMTV,MYNN,1
KMSP,KRSW,1
KMSP,MMSL,1
KMSY,KPDK,1
KMSY,KRIL,1
KMSY,KTEB,1
KMSY,MYEH,1
KMSY,MYNN,1
KMSY,TKPK,1
KMSN,KNEW,1
KMSN,KOMA,1
KMSN,KOPF,1
KMSN,KPNS,1
KMSO,KPSP,1
KMSP,KOMA,1
KMSP,KPSP,1
KMSP,KPUB,1
KAPF,KBLM,1
KAPF,KBOS,1
KAPF,KBWI,1
KAPF,KCHS,1
KAPF,KCLE,1
KAPF,KCOS,1
KMRY,KUDD,1
KMSN,KMSN,1
KOMA,KSDL,1
KONT,KSJC,1
KOPF,KOPF,1
KOPF,KPIT,1
KOPF,KPTK,1
KOPF,KRIL,1
KOPF,MBPV,1
KOPF,TNCM,1
KOCF,KRDU,1
KODO,KSAT,1
KOFP,KSDL,1
KOJC,KUUV,1
KOKC,KRNO,1
KOMA,KOMA,1
KOMA,KPSP,1
KOMA,KPWK,1
KNEW,KTYR,1
KNUQ,KSLC,1
KOAK,KPSP,1
KOAK,KSLC,1
KOAK,KTRM,1
KOAK,KVNY,1
KOAK,MMSD,1
KOCF,KOSU,1
KMVL,KTEB,1
KMVY,KTEB,1
KMYF,KTOA,1
KMYL,KSAN,1
KMYL,KSTS,1
KNEW,KPCW,1
KNEW,KSGR,1
KNEW,KSUA,1
KPBI,KVBT,1
KPBI,KVNY,1
KPBI,TQPF,1
KPDK,KSGJ,1
KPDK,KSRQ,1
KPDK,KSSI,1
KPDK,KTLH,1
KPDK,KTUS,1
KOTH,KSFO,1
KOXC,KSFO,1
KPBI,KSAV,1
KPBI,KSFO,1
KPBI,KSGR,1
KPBI,KSNA,1
KPBI,KTIX,1
KPBI,KTUL,1
KORL,KSNA,1
KORL,KTPA,1
KORL,KTUL,1
KORL,KXNA,1
KORL,MYNN,1
KORL,TLPL,1
KOSU,KRIL,1
KOSU,KTEB,1
KOQU,TJIG,1
KOQU,TXKF,1
KORD,KPSM,1
KORD,KRSW,1
KORF,KSPI,1
KORF,MYAM,1
KORL,KPBI,1
KORL,KPHL,1
KPIT,KSUS,1
KPIT,KTEB,1
KPIT,KTMB,1
KPIT,KTME,1
KPIT,KVRB,1
KPIT,MMMY,1
KPIT,MMTO,1
KPNS,KSUA,1
KPHL,MMSL,1
KPHL,TNCM,1
KPHX,KSLC,1
KPHX,T82,1
KPIE,KSDF,1
KPIE,KXNA,1
KPIE,MBPV,1
KPIE,MYNN,1
KPGA,KPSP,1
KPGA,KVNY,1
KPGD,KWDR,1
KPHF,KPWM,1
KPHL,KPHX,1
KPHL,KRDU,1
KPHL,KSTL,1
KPHL,KTMB,1
KPDK,KVRB,1
KPDK,TAPA,1
KPDX,KPHX,1
KPDX,KSAN,1
KPDX,KSBA,1
KPDX,KSEA,1
KPDX,KSMF,1
KPDX,KSNA,1
KAHN,KJAX,1
KAHN,KPBI,1
KALN,KSDF,1
KAMA,KMSY,1
KAMA,KRIL,1
KAMA,KSAT,1
KAPA,KBCT,1
KAPA,KBNA,1
KAFW,KJAC,1
KAFW,KLAS,1
KAFW,KMCO,1
KAFW,MMSL,1
KAGC,KEWR,1
KAGC,KISM,1
KAGS,KSJC,1
KAGS,KSUA,1
KADS,KLAX,1
KADS,KPWK,1
KADS,KSAT,1
KADS,KSDL,1
KADS,KSRQ,1
KADS,MMSD,1
KAFW,KAPA,1
KAFW,KBNA,1
KPRB,KTIW,1
KPSF,KPVD,1
KPSP,KSTL,1
KPVD,KTMB,1
KPWK,KRIL,1
KADS,KBZN,1
KADS,KHDO,1
KADS,KJWN,1
KROC,KSUA,1
KRST,KSNA,1
KRSW,KSFO,1
KRSW,KSUA,1
KRUT,KSKX,1
KRYY,KSFB,1
KSAF,KSFO,1
KSAN,KSFO,1
KRIL,KSBA,1
KRIL,KSFO,1
KRIL,KSLC,1
KRIL,KTEB,1
KRME,KVRB,1
KRNO,KSAN,1
KRNO,KSJC,1
KROA,KRST,1
KPWM,KTEB,1
KRDG,KRDU,1
KRDM,KSDL,1
KRDM,KSFO,1
KRDU,KSUA,1
KRDU,KVRB,1
KRDU,MYEM,1
KRIL,KSAT,1
KAPA,KBOS,1
KAPA,KHBV,1
KPWK,KRST,1
KPWK,KSBA,1
KPWK,KSRQ,1
KPWK,KTEB,1
KPWK,MYBS,1
KPWK,MYNN,1
KSDL,MMPR,1
KSDL,MMSD,1
KSDL,MMSL,1
KSDM,KSNA,1
KSDM,MMLP,1
KSDM,MMSL,1
KSEA,PHOG,1
KSFB,KTME,1
KSDL,KSMO,1
KSDL,KSNA,1
KSDL,KSUN,1
KSDL,KTEB,1
KSDL,KTEX,1
KSDL,KTKI,1
KSDL,KTMB,1
KSDL,KUDD,1
KSAV,KVNC,1
KSBA,KSDM,1
KSBA,KSGR,1
KSBA,KSRQ,1
KSCK,PHOG,1
KSDL,KSGF,1
KSDL,KSJC,1
KSDL,KSLN,1
KSAN,KSLC,1
KSAN,KSLN,1
KSAN,KTEB,1
KSAT,KSLC,1
KSAT,KTEB,1
KSAT,MMPR,1
KSAT,MMSD,1
KSAV,KTVI,1
KSLC,MMPR,1
KSLC,MMSL,1
KSLK,KTEB,1
KSMF,KSTL,1
KSMX,KTIX,1
KSNA,KSNL,1
KSNA,KTUS,1
KSNA,KUDD,1
KSHD,KTPA,1
KSJC,KTEB,1
KSJC,MMSD,1
KSJC,MMSL,1
KSJC,PHLI,1
KSLC,KSNA,1
KSLC,KTRM,1
KSLC,KVDF,1
KSGR,KSNA,1
KSGR,KTEB,1
KSGR,KTYS,1
KSGR,MMCP,1
KSGR,MYEH,1
KSGU,KSJC,1
KSGU,KSLC,1
KSGU,KTRM,1
KSFO,KSLC,1
KSFO,KSNA,1
KSFO,KSUA,1
KSFO,KVNY,1
KSFO,PHKO,1
KSFO,PHOG,1
KSGF,KSRQ,1
KSGJ,KSPA,1
KTEB,KTME,1
KTEB,KTUS,1
KTEB,KTYS,1
KTEB,KUNV,1
KTEB,KVNY,1
KTEB,LFPB,1
KTEB,MBPV,1
CYYZ,KASE,1
KSUN,KVNY,1
KSUS,KTWF,1
KSUS,MYAF,1
KSVH,KTEB,1
KSVH,KVRB,1
KSZT,KUES,1
KTCL,MYNN,1
KTEB,KTEX,1
KSTL,MYNN,1
KSTS,KTRM,1
KSUA,KYNG,1
KSUA,MMTO,1
KSUA,MROC,1
KSUA,MYAM,1
KSUA,MYNN,1
KSUA,TNCM,1
KADM,KBNA,1
KADS,KAPF,1
KADS,KAUS,1
KSRQ,KTTN,1
KSRQ,MDLR,1
KSTC,KUGN,1
KSTL,KSUA,1
KSTL,KSUS,1
TJSJ,TNCM,1
KBFI,KTIX,1
KBFI,KVNY,1
KBFI,PHOG,1
KBFI,TNCM,1
KBFM,KIAD,1
KBFM,KLIT,1
KBGM,KTPA,1
KVNY,MMPR,1
KVNY,MMSD,1
LTBA,VIDP,1
MBPV,TUPJ,1
MMCZ,MWCR,1
MMGL,MMMY,1
MMGL,MMTO,1
MMSM,TAPA,1
KTEB,TQPF,1
KTMB,KTPA,1
KTMB,KYIP,1
KTMB,MBPV,1
KTPA,MRLB,1
KTUL,MMSL,1
KTUS,MMSD,1
KUDD,KVNY,1
CYYZ,KDTW,1
KTEB,MMSL,1
KTEB,MMTO,1
KTEB,MMUN,1
KTEB,MWCR,1
KTEB,MYEH,1
KTEB,TAPA,1
KTEB,TNCM,1
