Airport1,Airport2,TotalReservations,Distance
KPBI,KTEB,17,1037.7
KHPN,KPBI,14,1058.44
KIAD,KPBI,10,860.98
KMIA,KTEB,7,1099.81
KMDW,KTEB,6,712.68
KAUS,KMAF,6,294.12
KEGE,KTEB,6,1724.53
KDAL,KTEB,6,1370.81
KSJC,KSNA,6,342.06
KLAS,KSNA,6,226.48
KBOS,KPBI,6,1198.83
KPBI,MYNN,5,199.07
KSJC,KVNY,5,290.85
KOPF,KTEB,5,1092.21
KTEB,TXKF,4,782.98
KHPN,KJAC,4,1883.68
KEGE,KHPN,4,1740.72
KAUS,KMEM,4,558.82
KSGR,MMSD,4,977.49
KRDU,KTEB,4,428.34
KCLT,KTEB,4,540.19
KTEB,MYNN,4,1109.9
KCMH,KROA,4,242.53
KHPN,KSUA,4,1028.38
KRIL,KVNY,3,698.41
KBFI,KSNA,3,984.68
KRIL,KSDL,3,469.16
KDAL,KIAD,3,1161.44
KSGR,MYNN,3,1159.11
KSBA,KSJC,3,234.13
KSBA,KTEB,3,2514.84
KEGE,KPWK,3,1005.75
KASE,KTEB,3,1729.04
KAUS,KDAL,3,189.44
KFTY,KTEB,3,753.48
KFLL,TQPF,3,1220.04
KFLL,MYNN,3,181.84
KFTW,KHOU,3,251.53
KAUS,MMPR,3,809.44
KPVD,KTEB,3,149.4
CYYZ,KPBI,3,1174.39
CYYZ,KTEB,3,345.18
KSNA,KSUN,3,705.75
KASE,KMIA,3,1794.95
KAPF,KRIC,3,826.58
KAPF,KRDU,3,694.75
KHPN,KMIA,3,1120.47
KHPN,KVRB,3,1001.75
KHPN,TAPA,3,1798.95
KFTY,KOPF,3,600.22
KHOU,KMAF,3,440.45
KAPF,KBNA,3,747.23
KIAD,KTEB,3,223.01
KIAD,KTTN,3,168.16
KMMU,MYAM,3,999.03
KAPA,KSDL,3,567.31
KMSP,KSLC,3,988.93
KMRY,KVNY,3,250.25
KMIA,KPWK,3,1207.68
KAPF,KPWK,3,1156.35
KMCO,KPDK,3,415.81
KJZI,KTEB,3,651.66
KLAS,KLAX,3,236.11
KIAD,KPDX,3,2321.29
KBZN,KSFO,3,806.69
KAPF,KDAL,3,1016.27
KBZN,KDAL,3,1172.16
KDAL,KLEX,3,775.96
KCMH,KFLL,3,975.03
KBZN,KHPN,3,1889.17
KBCT,KHPN,3,1078.66
KBDL,KBZN,3,1915.84
KBHM,KPBI,3,619.57
KBOS,KBZN,3,1985.63
KSUA,KTEB,3,1007.44
KTEB,KTEB,2,0.0
KBED,KSRQ,2,1218.93
KBPT,KPHL,2,1261.67
KBTR,KDTS,2,278.74
KBOS,KSLC,2,2099.92
KBOS,KSUA,2,1170.32
KBOS,KTEB,2,189.26
KBOS,KLGA,2,184.24
KBOS,KOPF,2,1252.63
KBOS,KPHL,2,279.57
KBOS,KCHS,2,818.68
KBNA,KPBI,2,758.6
KBNA,KTEB,2,755.48
KBNA,KBZN,2,1432.62
KBJC,KSNA,2,825.35
KBHM,KSDF,2,323.56
KBHM,KJWN,2,181.11
KBHM,KMGM,2,89.73
KBHM,KPIA,2,516.56
KVRB,MYNN,2,257.05
KTPA,MYAM,2,349.61
KTPA,MYNN,2,373.18
KTUL,KUGN,2,606.7
KTEB,TJSJ,2,1620.46
KTEB,MYAM,2,1005.77
CYUL,KTEB,2,319.64
KAGS,KIAD,2,459.92
KALN,KJVY,2,235.29
KBDR,KIAD,2,275.58
KBED,KBUF,2,379.12
KBCT,KTEB,2,1057.98
KCRQ,KSDL,2,311.67
KCPS,KMSN,2,318.59
KCRG,KFTY,2,295.92
KCRG,KPBI,2,266.69
KCOS,KIAH,2,809.1
KCLE,KPBI,2,1022.39
KCID,KPWK,2,196.22
KCHO,KTEB,2,299.76
KCHO,KIAG,2,344.29
KBZN,KSNA,2,908.36
KBZN,KTEB,2,1877.97
KBZN,KLAS,2,701.59
KBZN,KNUQ,2,805.35
KBWI,KPBI,2,885.54
KBUR,KSAC,2,345.19
KBUF,KBWI,2,281.4
KBUF,KHPN,2,288.49
11R,KDAL,2,183.63
KAPF,KMDW,2,1132.41
KAPF,KMIA,2,95.51
KAPF,KHPN,2,1128.96
KAPF,KMCO,2,159.91
KAPF,KFOK,2,1142.04
KMCO,KOPF,2,185.41
KLUK,KSLC,2,1458.51
KLUK,KSTL,2,320.84
KLIT,KRDU,2,761.24
KLIT,KMAF,2,606.93
KLAX,KRNO,2,391.22
KLAX,KRIL,2,705.33
KLAS,KVNY,2,228.58
KLAS,MMPR,2,1220.65
KLAL,KRDU,2,577.04
KLAS,KPHL,2,2171.37
KLAF,KPWK,2,127.82
KJAC,KLUK,2,1393.79
KINT,KVNC,2,639.55
KILN,KPBI,2,905.99
KILN,KTTN,2,479.64
KIAD,KRDU,2,224.26
KIAD,KMIA,2,923.47
KMSN,KSDL,2,1381.92
KMRY,KTRM,2,380.72
KAPF,KCMH,2,958.75
KAPF,KAPF,2,0.0
KAPF,KBED,2,1274.03
KAPF,KBHM,2,592.39
KAPA,KVNY,2,838.62
KAPA,KMSP,2,697.99
KMRY,KSDL,2,597.27
KMMU,KSOP,2,469.91
KMMU,KSRQ,2,1035.44
KMMU,KSUA,2,997.32
KMKC,KSTL,2,228.4
KMIA,KPHL,2,1015.36
KMIA,KRIL,2,1845.44
KMIA,KSUS,2,1074.0
KMHT,KTEB,2,197.32
KMIA,KOXC,2,1158.05
KMDW,KSUX,2,444.4
KMDW,KPDK,2,577.92
KMDW,KSDL,2,1429.72
KMCO,KSUS,2,887.34
KMCO,KTPA,2,80.87
KAPF,KPIA,2,1100.57
KIAD,KMMU,2,206.0
KIAD,KOCF,2,728.11
KIAD,KICT,2,1084.57
KIAD,KMCO,2,759.47
KIAD,KIAD,2,0.0
KASE,KBTR,2,1071.85
KASE,KHPN,2,1745.53
KAPF,KSUS,2,1006.33
KAPF,KTEB,2,1107.37
KAPF,KSTL,2,1003.1
KHVN,KPBI,2,1087.77
KHWD,KLAS,2,400.27
KHPN,TQPF,2,1701.05
KHPN,KRIL,2,1784.6
KHPN,KIAD,2,246.71
KHPN,KJZI,2,674.22
KHOU,KSTL,2,688.36
KHOU,MYGF,2,1031.91
KHOT,KRSW,2,868.92
KHOU,KHVN,2,1487.19
KHOU,KISM,2,841.36
KHOU,KNEW,2,315.75
KHOU,KPBI,2,946.37
KHOU,KSAT,2,191.91
KAUS,KHHR,2,1234.95
KAUS,KHOU,2,148.21
KASE,KSUA,2,1741.37
KASN,KPBI,2,593.91
KASE,KSGR,2,919.53
KGSO,KMIA,2,712.37
KGSP,KROA,2,209.42
KGPI,KVNY,2,998.36
KGRR,KOFP,2,555.69
KGON,KPBI,2,1110.83
KGJT,KHPN,2,1833.01
KGJT,KTEB,2,1816.69
KFXE,KPHL,2,986.61
KFXE,KSRQ,2,168.71
KFXE,KHPN,2,1091.77
KFRG,KIAD,2,247.44
KFRG,MBPV,2,1311.43
KFLL,KHPN,2,1099.61
KFLL,KPDK,2,593.58
KFHB,KORL,2,142.98
KFAR,KOMA,2,390.81
KFAT,KSFO,2,157.37
KAUS,KTEB,2,1511.06
KAUS,KTEX,2,793.26
KAUS,KVNY,2,1246.06
KEVV,KEYW,2,991.41
KELP,KSDL,2,345.25
KEKM,KMSL,2,489.66
KELP,KLAS,2,582.91
KEGE,KLNK,2,541.8
KECP,KJAX,2,244.9
KDWH,KMBT,2,666.1
KDWH,KOKC,2,387.09
KDTS,KMSY,2,227.91
KDTS,KPDK,2,271.62
KDSM,KJZI,2,966.88
KDFW,KMIA,2,1119.79
KDFW,KORD,2,801.74
KDAL,MMSL,2,1050.18
KDAL,MYNN,2,1287.47
KDAL,KSGR,2,233.64
KDAL,KSLC,2,998.38
KDAL,KSWO,2,229.48
KDAL,KLIT,2,295.77
KDAL,KMCO,2,971.9
KDAL,KMSO,2,1328.53
KDAL,KHPN,2,1392.76
07FA,KLUK,2,981.95
CYYZ,KMDW,2,432.19
KADS,KBEH,2,850.66
KPSM,KRYY,2,970.52
KPSP,MMSD,2,844.47
KPVD,KSUA,2,1121.14
KPDK,KSUA,2,522.28
KPDK,KTEB,2,739.67
KPBI,KTPA,2,174.23
KPBI,KUES,2,1219.33
KPBI,MYAM,2,186.38
KPBI,KSDF,2,858.92
KPBI,KSDL,2,1951.92
KPBI,KSRQ,2,159.1
KPBI,KPBI,2,0.0
KPBI,KPDK,2,556.6
KPBI,KPHL,2,953.04
KPBI,KPIE,2,180.2
KPBI,KPWK,2,1154.05
KPBI,KRSW,2,103.01
KOSU,KPBI,2,941.27
KOPF,MYNN,2,185.37
KOKC,KTME,2,398.6
KNUQ,KRNO,2,189.56
KOAK,KTRK,2,157.7
KMVY,KPHL,2,264.37
KMTJ,KVNY,2,659.6
KMSY,MBPV,2,1252.02
KDAL,KLAS,2,1064.54
KSRQ,KTEB,2,1047.63
KSLC,KTEB,2,1966.81
KSLC,KVNY,2,577.59
KSJC,KSLC,2,583.44
KSTS,KVNY,2,382.15
KSFO,KTEB,2,2562.51
KSFO,KTUS,2,750.61
KSFO,MMSL,2,1253.5
KSEZ,KVGT,2,213.38
KSDL,KVNY,2,379.36
KSDL,KSGR,2,994.19
KSDL,KSLC,2,495.11
KSBA,KSFO,2,262.11
KSDF,KTPA,2,728.52
KSAF,KTEB,2,1765.14
KSAN,KSDL,2,311.38
KRNO,KSNA,2,415.91
KRIC,KTEB,2,289.58
KPWK,KSUA,2,1119.09
KBFI,KSTS,2,623.8
KBED,KPBI,2,1198.65
KTEB,MDCY,1,1512.81
07FA,KAPF,1,109.5
07FA,KDAL,1,1125.76
07FA,KFTY,1,637.23
07FA,KOCF,1,291.47
07FA,KSJC,1,2571.33
07FA,KYIP,1,1183.32
1A5,KMSY,1,537.3
38XS,KIAH,1,290.34
38XS,KSTL,1,948.59
3J1,KPBI,1,405.28
CYHU,MYLS,1,1519.15
CYLW,KSUN,1,506.37
CYLW,LIML,1,5162.36
CYQB,KBVY,1,291.64
CYQB,KIAD,1,622.53
CYQB,KJFK,1,441.35
CYVR,KBFI,1,121.9
CYVR,KBOS,1,2506.66
CYVR,KHPN,1,2430.34
CYVR,KMSP,1,1431.96
CYVR,KOAK,1,794.19
CYVR,KSDL,1,1221.18
CYVR,KTEB,1,2422.07
CYWG,KSNA,1,1534.98
CYYC,KHGR,1,1903.99
CYYT,EINN,1,1940.24
CYYT,KHPN,1,1125.51
KABQ,MMSD,1,842.39
KABY,KHOU,1,671.67
KABY,KTEB,1,855.21
KACK,KBOS,1,90.85
KACY,KAPF,1,1009.0
KACY,KBCT,1,958.4
KACY,KDFW,1,1327.84
KACY,KSAV,1,627.56
FA54,KCHS,1,438.16
FA54,KMKE,1,1156.31
FA54,KSGR,1,837.48
KABE,KMIA,1,1063.63
KABQ,KCCR,1,880.63
KABQ,KSAF,1,49.51
KABQ,KVNY,1,677.58
KABQ,MMPR,1,995.52
EBLG,VIDP,1,3937.11
EDDM,KTEB,1,4029.57
EINN,LIML,1,960.26
F45,KCHS,1,418.35
F70,KCQF,1,1721.38
F70,KMYL,1,783.67
F70,KSGU,1,314.34
FA54,KBXM,1,1362.97
KSNA,PHOG,1,2509.62
KSNL,KTEB,1,1296.35
KSNY,KSTS,1,1065.18
KSQI,KTUS,1,1344.36
KSQI,KUES,1,115.92
KSRQ,KTMB,1,178.26
CYYZ,KMSP,1,676.66
EBLG,KDSM,1,4425.85
KBKL,KMSL,1,567.78
KBKS,KCLT,1,1153.37
KBKS,KSDL,1,932.43
KBLI,KEGE,1,995.7
KBLI,KVNY,1,1028.73
KBLM,KMEM,1,935.9
KBLM,KSUA,1,963.86
KBNA,KBRD,1,808.08
KBJC,KHPN,1,1643.55
KBJC,KLAS,1,606.59
KBJC,KMDW,1,915.19
KBJC,KMIA,1,1730.35
KBJC,KOBE,1,1639.03
KBJC,KSDL,1,574.09
KBJC,MMGM,1,889.02
KBJC,MMSD,1,1188.63
KBIL,KLAS,1,754.8
KBIL,KSJC,1,902.85
KBIV,KPIE,1,1042.69
KBIV,KTEB,1,633.59
KBJC,KCMH,1,1174.11
KBJC,KDAL,1,669.9
KBJC,KFLL,1,1724.71
KBJC,KFRG,1,1662.04
KBHM,KHDN,1,1222.23
KBHM,KIND,1,425.91
KBHM,KISM,1,481.54
KBHM,KLAS,1,1614.49
KBHM,KMDW,1,570.7
KBHM,KPSP,1,1704.52
KBHM,KSLC,1,1469.44
KBIE,KFWA,1,607.39
KBOS,KHPN,1,165.59
KBOS,KMIA,1,1260.06
KBOS,KPIT,1,494.88
KBOS,KRSW,1,1250.89
KBOS,KSNA,1,2586.35
KBOS,KVRB,1,1145.52
KBOS,MRLB,1,2364.16
KBOS,TQPF,1,1733.32
KBNA,KTMB,1,812.6
KBNA,KTPA,1,612.97
KBNA,KTYR,1,562.03
KBNA,MYAM,1,871.86
KBOS,KBOS,1,0.0
KBOS,KBUF,1,394.41
KBOS,KCRW,1,621.04
KBOS,KFTY,1,942.59
KBNA,KJAX,1,483.96
KBNA,KLGA,1,762.85
KBNA,KMDD,1,925.51
KBNA,KMIA,1,807.31
KBNA,KORL,1,609.33
KBNA,KPIE,1,613.78
KBNA,KRSW,1,723.11
KBNA,KSRQ,1,649.78
KBNA,KBXM,1,1032.86
KBNA,KCHA,1,111.95
KBNA,KDEN,1,1011.36
KBNA,KEGE,1,1127.48
KBNA,KERV,1,833.68
KBNA,KESN,1,610.15
KBNA,KHPN,1,778.15
KBNA,KIAD,1,541.1
KBFI,KPBI,1,2688.55
KBFI,KPDX,1,134.87
KBFI,KPOC,1,957.69
KBFI,KPSP,1,993.41
KBFI,KRNO,1,569.16
KBFI,KSAF,1,1170.14
KBFI,KSLC,1,690.93
KBFI,KSLN,1,1373.3
KBEH,KPDK,1,581.74
KBFI,KBWI,1,2328.37
KBFI,KCMH,1,2010.77
KBFI,KDWA,1,618.85
KBFI,KDWH,1,1862.58
KBFI,KGRB,1,1639.91
KBFI,KHIO,1,140.78
KBFI,KLGB,1,971.7
KBED,KOPF,1,1252.58
KBED,KPDK,1,921.26
KBED,KSLC,1,2084.37
KBED,KTPA,1,1183.2
KBED,MBPV,1,1431.1
KBED,MDCY,1,1605.57
KBED,MYNN,1,1254.63
KBED,TQPF,1,1744.87
KBPT,KMSY,1,225.16
KBRD,KRSW,1,1531.11
KBRO,KBTR,1,498.01
KBRO,KDFW,1,483.61
KBRO,KHOU,1,289.82
KBED,KGJT,1,1945.68
KBED,KJFK,1,180.44
KBED,KMDW,1,843.65
KBWG,KEFD,1,715.71
KBWI,KGSO,1,277.77
KBWI,KRDU,1,255.72
KBWI,KRIL,1,1651.31
KBWI,KSLC,1,1860.03
KBWI,MYNN,1,977.86
KBYG,KMKC,1,722.0
KBZN,KEWR,1,1877.06
KBUR,KOAK,1,325.26
KBUR,KPHX,1,368.12
KBUR,KSAN,1,121.73
KBUR,KTRM,1,132.18
KBVX,KTPA,1,756.19
KBVY,KHPN,1,177.86
KBVY,KPBI,1,1214.46
KBVY,MBPV,1,1439.99
KBUF,KMIA,1,1187.89
KBUF,KPBI,1,1125.9
KBUF,KPIT,1,186.09
KBUF,KRSW,1,1146.15
KBUF,KSLC,1,1706.04
KBUR,KDAL,1,1240.1
KBUR,KDEN,1,848.88
KBUR,KLAS,1,222.89
KBFI,KTEB,1,2394.24
KBTR,KECP,1,319.13
KBTR,KFTW,1,397.92
KBTR,KSBA,1,1688.07
KBTR,MYNN,1,917.62
KBTV,KPBI,1,1288.31
KBUF,KFSD,1,905.57
KBUF,KJAC,1,1600.8
KCEU,KDAB,1,394.32
KCEU,KJVY,1,300.35
KCEU,KNEW,1,525.2
KCGF,KFLL,1,1073.17
KCGF,KMKY,1,1075.81
KCHA,KECP,1,324.98
KCHA,KFXE,1,679.75
KCHA,KORL,1,502.6
KBZN,MMTL,1,2214.76
KBZN,MYAT,1,2268.12
KCAE,KGGE,1,112.22
KCAE,KGVL,1,156.77
KCAE,KORL,1,372.86
KCCR,KSDL,1,643.11
KCEF,KJFK,1,125.24
KCEU,KCLT,1,115.9
KBZN,KPWK,1,1179.44
KBZN,KPWT,1,563.03
KBZN,KSBA,1,907.64
KBZN,KSGR,1,1395.87
KBZN,KSJC,1,803.87
KBZN,KSUA,1,2123.37
KBZN,KTPA,1,1985.24
KBZN,KVNY,1,887.74
KBZN,KGOO,1,675.05
KBZN,KGVL,1,1637.95
KBZN,KHOU,1,1406.9
KBZN,KMEM,1,1331.73
KBZN,KMSO,1,160.79
KBZN,KOAK,1,795.8
KBZN,KPDK,1,1633.36
KBZN,KPSM,1,1977.35
KCHS,MYNN,1,564.85
KCHS,TVSA,1,1810.77
KCIC,KCLT,1,2244.93
KCLE,KDAL,1,1013.75
KCLE,KNEW,1,908.38
KCLE,KORL,1,889.3
KCLE,MYNN,1,1158.74
KCLL,KFLL,1,1033.09
KCHS,KPIE,1,379.08
KCHS,KSDL,1,1834.67
KCHS,KSPA,1,177.47
KCHS,KTEB,1,640.74
KCHS,KUKF,1,237.47
KCHS,MDLR,1,1213.24
KCHS,MMPR,1,1762.64
KCHS,MMSD,1,1923.38
KCHS,KCLT,1,168.19
KCHS,KCMH,1,515.34
KCHS,KICT,1,1032.69
KCHS,KISM,1,329.09
KCHS,KJWN,1,450.74
KCHS,KLIT,1,710.34
KCHS,KMCO,1,317.87
KCHS,KMTH,1,567.97
KCHA,KSUA,1,617.26
KCHN,KTEB,1,1022.97
KCHO,KCVG,1,341.41
KCHO,KLUK,1,328.76
KCHO,KMCO,1,690.8
KCHO,KRDU,1,157.38
KCHO,KSLC,1,1786.73
KCHO,KSLN,1,1037.78
KCMH,KMKC,1,625.75
KCMH,KMYR,1,488.28
KCMH,KPBI,1,933.82
KCMH,KPIT,1,144.34
KCMH,KPLN,1,397.02
KCMH,KRIC,1,346.02
KCMH,KRSW,1,932.36
KCMH,KSDL,1,1656.39
KCLT,KVBT,1,747.37
KCMA,KCOU,1,1520.14
KCMA,KPSP,1,150.53
KCMH,KCRE,1,485.31
KCMH,KDWH,1,990.2
KCMH,KHCR,1,1498.9
KCMH,KMCO,1,804.33
KCMH,KMDW,1,282.31
KCLT,KJAC,1,1681.72
KCLT,KJZI,1,181.88
KCLT,KLEX,1,281.43
KCLT,KNEW,1,637.34
KCLT,KOCF,1,424.05
KCLT,KORD,1,599.2
KCLT,KPDK,1,212.02
KCLT,KTMB,1,661.67
KCLL,KLAS,1,1146.84
KCLL,KRIL,1,890.01
KCLL,KSGR,1,78.94
KCLT,KCMH,1,347.17
KCLT,KEGE,1,1451.85
KCLT,KHCR,1,1693.39
KCLT,KHPN,1,563.88
KCLT,KIAD,1,321.72
KCRQ,KSBM,1,1741.69
KCRQ,KSLC,1,604.55
KCRQ,KTMB,1,2265.44
KCRQ,KTWF,1,663.91
KCRQ,MMPR,1,1133.38
KCRQ,TJSJ,1,3312.81
KCSV,KJZI,1,366.66
KCXO,KSNA,1,1332.56
KCRG,KMSP,1,1189.13
KCRG,KOKC,1,995.33
KCRQ,KFMN,1,569.85
KCRQ,KHCR,1,602.1
KCRQ,KMMH,1,322.79
KCRQ,KMSY,1,1601.04
KCRQ,KOAK,1,421.9
KCRQ,KRNO,1,461.41
KCOE,KSDL,1,1010.48
KCON,KPOU,1,163.15
KCOS,KDSM,1,611.96
KCOU,KSTL,1,99.63
KCPP,KTPA,1,390.14
KCPP,MYAM,1,608.69
KCQF,KPDK,1,315.25
KCRG,KESN,1,661.72
KCMH,KSNY,1,1055.31
KCMH,KSRQ,1,870.92
KCMH,KTUS,1,1650.45
KCMI,KLUK,1,215.44
KCNI,KPBI,1,586.5
KCNU,KTXK,1,303.06
KCNY,KSMO,1,583.85
KCOD,KFCM,1,763.91
KBCT,MYAM,1,187.2
KBCT,MYNN,1,188.69
KBDL,KBIV,1,687.07
KBDL,KBNA,1,850.27
KBDL,KBTV,1,176.6
KBDL,KCXU,1,977.91
KBDL,KRIC,1,392.98
KBDN,KPSP,1,752.39
KBCT,KMMU,1,1048.24
KBCT,KORD,1,1165.05
KBCT,KPTK,1,1140.79
KBCT,KPWK,1,1173.54
KBCT,KSRQ,1,166.34
KBCT,KSUN,1,2245.68
KBCT,KTPA,1,185.47
KBCT,KTTN,1,1007.22
KDAL,KDSM,1,625.28
KDAL,KEGE,1,730.66
KBCT,KIAD,1,881.87
KBCT,KISM,1,155.24
KBCT,KJWN,1,786.31
KBCT,KLAS,1,2162.85
KBCT,KLIT,1,922.15
KBCT,KMCO,1,159.71
KCXO,MYAM,1,1143.52
KCXU,KHGR,1,691.4
KCYS,KRST,1,654.27
KDAB,KJQF,1,429.4
KDAB,KMTO,1,821.53
KDAB,KSUT,1,372.28
KDAB,KTEB,1,897.54
KDAB,MMUN,1,669.38
KDAY,KSRQ,1,869.4
KDBQ,KRNO,1,1522.1
KDBQ,MMPR,1,1722.26
KDCA,KHPN,1,233.48
KDCA,KPBI,1,859.19
KDEN,KHDN,1,140.98
KDEN,KSLC,1,389.94
KDFW,KIAD,1,1169.55
KDAL,KTME,1,217.5
KDAL,MMPR,1,986.64
KDAL,MMSD,1,1030.42
KDAL,TJSJ,1,2152.43
KDAL,TNCM,1,2326.45
KDAY,KFDY,1,81.96
KDAY,KFTY,1,423.46
KDAY,KPWK,1,245.35
KDAL,KLAX,1,1243.58
KDAL,KMDD,1,311.2
KDAL,KMRY,1,1438.5
KDAL,KOPF,1,1105.2
KDAL,KPBI,1,1089.75
KDAL,KPDK,1,727.21
KDAL,KSBA,1,1324.21
KDAL,KSDL,1,871.21
KBDR,KCHS,1,686.14
KBDR,KMIA,1,1138.21
KBDR,KMTH,1,1223.78
KBDR,KRDU,1,476.25
KBED,KCHS,1,815.27
KDAL,KFLL,1,1106.61
KDAL,KGUC,1,688.15
KDAL,KHOU,1,239.85
KEAU,KMKY,1,1413.47
KECP,KHDC,1,275.59
KECP,KIND,1,647.28
KECP,KRSW,1,360.48
KECP,KSBN,1,784.75
KECP,KSHV,1,494.92
KECP,KSUS,1,636.63
KECP,KTMB,1,461.33
KDTS,KITH,1,1002.16
KDTS,KMLU,1,358.88
KDTS,KSRQ,1,314.99
KDTW,KFXE,1,1121.16
KDWA,KSLC,1,546.7
KDWH,KECP,1,582.79
KDWH,KVNY,1,1369.13
KDZB,KEGE,1,793.35
KDSM,KIAD,1,871.7
KDSM,KMDW,1,305.54
KDSM,KMEM,1,490.94
KDSM,KPBI,1,1283.12
KDSM,KPTK,1,530.56
KDTO,KLAF,1,754.35
KDTO,KSLC,1,967.43
KDTS,KGSP,1,397.01
KDFW,KPSC,1,1486.48
KDIJ,KTEB,1,1887.16
KDPA,KHXD,1,787.18
KDPA,KMCO,1,1009.44
KDPA,KRSW,1,1124.05
KDPA,KSRQ,1,1052.94
KDRO,KSAT,1,750.38
KDRO,KTUL,1,660.39
KELP,KJAC,1,849.12
KELP,KMIA,1,1628.69
KELP,KRIL,1,538.7
KELP,KSAN,1,634.68
KELP,KSNA,1,679.84
KELP,MMSL,1,649.8
KELP,T82,1,455.02
KENW,KSDL,1,1437.0
KEGE,KSTL,1,886.88
KEGE,KTKI,1,726.71
KEGE,KTMB,1,1808.31
KEGE,KTPA,1,1607.53
KEGE,KVNY,1,740.44
KEGE,MWCR,1,2069.32
KEKM,KMSP,1,423.45
KEKM,KTUL,1,653.18
KEGE,KPBI,1,1780.85
KEGE,KPWA,1,581.03
KEGE,KRIC,1,1598.28
KEGE,KRVS,1,645.77
KEGE,KSDL,1,499.48
KEGE,KSFO,1,844.96
KEGE,KSNA,1,732.94
KEGE,KSPI,1,914.52
KECP,KUIN,1,728.64
KEGE,KEUG,1,891.79
KEGE,KFRG,1,1759.26
KEGE,KIAD,1,1568.72
KEGE,KLUK,1,1199.12
KEGE,KMIA,1,1808.87
KEGE,KMKC,1,658.57
KEGE,KOMA,1,590.14
KAVL,KSGR,1,862.07
KAVP,KCHS,1,629.54
KAVP,KSLN,1,1169.65
KAVQ,KISM,1,1792.49
KAVQ,KLAS,1,338.77
KBCT,KBNA,1,776.72
KBCT,KBOS,1,1218.51
KBCT,KBWI,1,906.29
KAUS,KSUN,1,1295.48
KAUS,KTUS,1,795.35
KAUS,MMCZ,1,945.68
KAUS,MMSD,1,888.1
KAUS,MMSL,1,907.61
KAUS,MYAM,1,1275.4
KAVL,KJZI,1,238.38
KAVL,KPBI,1,621.81
KAUS,KMRY,1,1458.18
KAUS,KOKC,1,359.22
KAUS,KPGA,1,918.19
KAUS,KRIL,1,859.58
KAUS,KSAF,1,615.13
KAUS,KSGR,1,126.9
KAUS,KSLC,1,1085.29
KAUS,KSRQ,1,934.69
KEQY,KHPN,1,562.01
KERI,KSRQ,1,1023.68
KERI,KTMB,1,1135.7
KERI,KTPA,1,983.75
KERV,KSDL,1,793.46
KESN,KSJC,1,2469.63
KEUG,KLAS,1,699.5
KEUG,KVNY,1,729.92
KFCM,KSDL,1,1249.82
KFCM,KUGN,1,325.17
KFDY,KSRQ,1,942.96
KFFC,KLAL,1,400.83
KFHB,KFTW,1,946.03
KFHB,KSDF,1,576.38
KFLG,KJAC,1,587.12
KFLG,KSLC,1,390.61
KEYW,KSDF,1,969.43
KEYW,KTEB,1,1210.25
KFAR,KMDW,1,570.65
KFAT,KSAN,1,314.05
KFCI,KIAD,1,106.52
KFCI,KISM,1,669.41
KFCI,KTYS,1,375.26
KFCI,KVQQ,1,555.76
KEWR,MBPV,1,1311.88
KEWR,MDCY,1,1503.21
KEWR,MYNN,1,1098.12
KEYW,KGSH,1,1195.2
KEYW,KMTJ,1,1806.07
KEYW,KPBI,1,179.85
KEYW,KPHL,1,1123.91
KEYW,KPWK,1,1262.99
KBCT,KBZN,1,2168.1
KBCT,KCHS,1,450.53
KBCT,KDAB,1,202.09
KEWB,KSJC,1,2693.42
KEWN,KPBI,1,607.19
KEWR,KFTY,1,742.42
KEWR,KMIA,1,1087.62
KEWR,KOPF,1,1080.01
KFSD,KSTL,1,470.22
KFTW,KSDL,1,842.03
KFTW,KSGR,1,242.82
KFTW,KSJC,1,1419.56
KFTW,MMSD,1,1005.88
KFTY,KHOU,1,693.16
KFTY,KMIA,1,606.99
KFTY,KOLV,1,311.4
KFNL,KJAX,1,1475.36
KFNT,KMHV,1,1911.27
KFOK,KOPF,1,1121.19
KFRG,KFRG,1,0.0
KFRG,KFXE,1,1076.07
KFRG,KMIA,1,1104.73
KFRG,KPSP,1,2392.0
KFRG,TQPF,1,1673.42
KFLL,TNCM,1,1222.51
KFMN,KHDE,1,544.05
KFMY,KJAX,1,270.19
KFMY,KLEX,1,807.11
KFMY,KOKC,1,1110.92
KFMY,KRME,1,1206.01
KFMY,KTCL,1,573.03
KFNL,KGJT,1,207.97
KFLL,KGSP,1,621.95
KFLL,KIAD,1,903.2
KFLL,KMDW,1,1168.74
KFLL,KOMA,1,1383.47
KFLL,KORF,1,782.92
KFLL,KPVD,1,1189.84
KFLL,KTXK,1,972.97
KFLL,MYAF,1,174.93
KGJT,KICT,1,608.89
KGJT,KSAN,1,655.0
KGJT,KVNY,1,647.6
KGON,KTEB,1,110.09
KGOO,KHWD,1,123.94
KGPI,KHND,1,853.62
KGPI,KLAS,1,846.25
KGPI,KPTK,1,1532.34
KFXE,KTEB,1,1071.09
KFXE,KTRI,1,722.23
KFXE,MBPV,1,584.8
KFXE,MWCR,1,483.0
KFXE,MYNN,1,186.53
KFXE,TUPJ,1,1132.06
KFYJ,KTMB,1,848.15
KGJT,KHOU,1,997.69
KFXE,KGRB,1,1339.16
KFXE,KGSO,1,684.43
KFXE,KJQF,1,635.79
KFXE,KLAL,1,168.01
KFXE,KMQS,1,983.96
KFXE,KPDK,1,585.11
KFXE,KRIC,1,798.89
KFXE,KSDL,1,1960.41
KFTY,KPGD,1,497.38
KFTY,KPIE,1,419.9
KFTY,KRSW,1,526.93
KFTY,KVNY,1,1936.95
KFTY,KXNA,1,579.7
KFTY,MMTO,1,1360.53
KFWA,KMKY,1,1054.71
KFWA,KPHF,1,536.88
KHCR,KJAX,1,1798.98
KHCR,KLAS,1,364.98
KHCR,KOMA,1,812.29
KHCR,KSDL,1,474.65
KHCR,KVNY,1,581.16
KHDC,KMKC,1,639.51
KHDN,KJBR,1,954.12
KHDN,KLAX,1,762.7
KGUC,KSGR,1,890.57
KGVL,KMCO,1,430.23
KGVL,KMKY,1,586.23
KGVL,KORL,1,422.18
KGVL,KRNT,1,2175.2
KHBV,KSAT,1,151.81
KHBV,KSAV,1,1101.04
KHCR,KIAD,1,1797.4
KGSO,KPNS,1,570.9
KGSO,KSNA,1,2142.5
KGSO,KSTL,1,600.36
KGSP,KMEM,1,439.27
KGSP,KSRQ,1,518.6
KGTU,KHXD,1,1005.59
KGTU,KRIL,1,833.37
KGUC,KMDD,1,524.95
KGPI,KSAN,1,1087.03
KGPT,KPHL,1,1016.75
KGRB,KSUS,1,422.84
KGRR,TNCM,1,2159.68
KGSH,KMKY,1,1098.55
KGSO,KLEX,1,289.95
KGSO,KMEM,1,568.46
KGSO,KORL,1,528.33
KATL,KHXD,1,237.31
KATL,KJZI,1,263.93
KATL,KSGJ,1,312.13
KATL,MYEH,1,730.72
KATW,KCLT,1,742.41
KAUS,KBFI,1,1772.13
KAUS,KBNA,1,755.58
KAUS,KBRO,1,296.67
KASE,KSFO,1,845.67
KASE,KSJC,1,825.78
KASE,KSRQ,1,1616.69
KASE,KSTL,1,885.45
KASE,KTPA,1,1594.18
KASE,KVNY,1,730.09
KASG,KBLM,1,1118.07
KATL,KAVL,1,164.25
KHND,KSJC,1,388.51
KHND,KSNA,1,221.87
KHND,KVNY,1,225.41
KHOT,KMCN,1,557.34
KHOT,KMTJ,1,866.71
KASE,KPDX,1,912.85
KASE,KPWA,1,566.39
KASE,KSAN,1,729.94
KHDN,KOGD,1,255.4
KHDN,KPDK,1,1336.83
KHDN,KSGJ,1,1623.25
KHDN,KSJC,1,818.53
KHDN,KSTS,1,841.45
KHDN,KTEB,1,1727.43
KHKS,KMEM,1,187.61
KHND,KIOW,1,1324.09
KHPN,KRDU,1,451.56
KHPN,KSAV,1,743.85
KHPN,KSBN,1,654.58
KHPN,KSEF,1,1035.48
KHPN,KSFO,1,2577.7
KHPN,KSLC,1,1981.59
KHPN,KTYS,1,663.96
KHPN,MDLR,1,1588.11
KHPN,KJAX,1,855.69
KHPN,KLEB,1,190.79
KHPN,KLEX,1,616.82
KHPN,KMDW,1,728.51
KHPN,KMSP,1,1018.33
KHPN,KMSY,1,1201.13
KHPN,KMVY,1,162.33
KHPN,KOPF,1,1112.89
KHOU,KTEX,1,923.41
KHOU,KVRB,1,910.76
KHOU,MMSD,1,999.0
KHOU,MPSM,1,1766.95
KHOU,MYNN,1,1137.14
KHOU,T82,1,221.32
KHPN,KHXD,1,722.89
KHPN,KISM,1,985.0
KAUS,KBZN,1,1299.15
KAUS,KCHS,1,1053.44
KAUS,KFCM,1,1036.68
KAUS,KGKY,1,173.95
KAUS,KHCR,1,1049.57
KHOU,KROW,1,600.51
KHOU,KSDL,1,1015.02
KHOU,KSLC,1,1213.39
KAPF,MMUN,1,478.22
KAPF,MRLB,1,1102.84
KAPF,MYAM,1,291.5
KAPF,TBPB,1,1704.16
KAPF,TJSJ,1,1139.12
KASE,KBJC,1,104.65
KASE,KBZN,1,502.56
KASE,KDTW,1,1244.56
KAPF,KRIL,1,1757.52
KAPF,KRST,1,1365.86
KAPF,KRVS,1,1081.1
KAPF,KSBN,1,1105.45
KAPF,KSGR,1,880.29
KAPF,KTKI,1,1011.68
KAPF,KTTN,1,1054.72
KAPF,KVNY,1,2249.39
KHRL,KPWA,1,643.11
KHSV,KSUA,1,644.83
KHTS,KLIT,1,592.02
KHVN,KLNK,1,1240.12
KHVN,KLUK,1,626.15
KHVN,TXKF,1,763.59
KHWD,KSLC,1,583.99
KHXD,KIAD,1,498.76
KHPN,MDPC,1,1586.17
KHPN,MMSD,1,2419.16
KHPN,TJSJ,1,1628.62
KHPN,TNCM,1,1710.52
KHPN,TUPJ,1,1654.47
KHPN,TXKF,1,781.16
KHRF,KSFO,1,731.29
KHRF,KVNY,1,863.3
KIAD,KNUQ,1,2399.66
KIAD,KPDK,1,516.94
KIAD,KPIT,1,181.93
KIAD,KPSP,1,2183.55
KIAD,KSDL,1,1941.74
KIAD,KSJC,1,2394.4
KIAD,KSLC,1,1823.13
KIAD,KSRQ,1,850.41
KIAD,KLCH,1,1082.13
KIAD,KLGA,1,228.4
KIAD,KLIT,1,865.69
KIAD,KLUK,1,373.54
KIAD,KLWB,1,176.06
KIAD,KMDW,1,575.8
KIAD,KMKE,1,610.18
KIAD,KNEW,1,942.16
KHXD,KMDW,1,766.14
KHXD,KPBI,1,384.58
KHXD,KSHV,1,766.12
KHXD,KSRQ,1,351.73
KHXD,MDPC,1,1215.42
KHYI,KTKI,1,239.01
KHYS,KSTC,1,534.32
KIAD,KJPX,1,308.82
KASE,KFXE,1,1784.01
KASE,KJAC,1,363.25
KASE,KLAX,1,736.01
KASE,KMAF,1,566.98
KASE,KMDW,1,1017.56
KASE,KMKY,1,1718.75
KASE,KOCF,1,1563.26
KASE,KOMA,1,595.76
KICT,KTTN,1,1225.28
KILG,KMIA,1,996.72
KILG,KSTL,1,792.06
KILM,KLNS,1,413.84
KILM,KPBI,1,540.26
KIND,KLAX,1,1809.98
KIND,KMSY,1,708.27
KIND,KORF,1,580.56
KICT,KJAC,1,808.61
KICT,KJAX,1,1025.87
KICT,KLAX,1,1200.33
KICT,KMDT,1,1122.34
KICT,KMSY,1,669.92
KICT,KORD,1,586.79
KICT,KRIL,1,570.56
KICT,KSDL,1,858.16
KIAH,KLAS,1,1219.65
KIAH,KMIA,1,962.75
KIAH,KSAC,1,1598.7
KIAH,KSJC,1,1605.15
KIAH,KSLC,1,1194.48
KIAH,KSNA,1,1343.92
KIAH,MDPC,1,1866.53
KIAH,MYNN,1,1145.97
KIAD,KSSI,1,582.53
KIAD,KSUA,1,828.38
KIAD,KTKI,1,1137.67
KIAD,KTMB,1,935.04
KIAD,KVNY,1,2280.62
KIAD,MDCY,1,1435.85
KIAD,MMPR,1,2075.74
KIAD,TQPF,1,1673.71
KJAC,KPDX,1,598.69
KJAC,KPTK,1,1372.65
KJAC,KRDM,1,519.69
KJAC,KRFD,1,1096.5
KJAC,KSNA,1,786.02
KJAC,KSYR,1,1727.36
KJAC,KVGT,1,562.79
KJAC,KVNY,1,770.76
KISP,TKPK,1,1736.47
KIWA,MMSL,1,723.29
KIYK,KLAS,1,152.7
KIYK,KLVK,1,262.02
KJAC,KJWN,1,1358.39
KJAC,KMIA,1,2103.23
KJAC,KMKE,1,1146.25
KJAC,KMTJ,1,382.03
KISM,KOAK,1,2430.72
KISM,KPBI,1,138.14
KISM,KRDU,1,546.67
KISM,KSDL,1,1835.87
KISM,KSLN,1,1179.41
KISM,KSUA,1,106.72
KISM,KTEB,1,963.05
KISP,KVRB,1,998.59
KIND,KROA,1,379.35
KIND,KRSW,1,947.49
KIND,KTIX,1,834.96
KINT,KJAX,1,398.74
KINT,KPWK,1,582.78
KISM,KJWN,1,631.26
KISM,KLNK,1,1226.5
KISM,KMIA,1,186.24
KJZI,KRIC,1,364.91
KJZI,KSGR,1,948.64
KJZI,KSRQ,1,397.02
KJZI,KSUA,1,381.56
KJZI,KSVH,1,218.57
KLAL,KMIA,1,185.18
KLAL,KNEW,1,504.19
KLAL,MYEN,1,398.25
KJWN,KRSW,1,731.75
KJYO,KMTJ,1,1626.55
KJYO,KTEB,1,221.97
KJZI,KLUK,1,506.49
KJZI,KMKC,1,927.6
KJZI,KOKC,1,1023.04
KJZI,KPIT,1,538.43
KJZI,KPWK,1,780.81
KJKA,KLIT,1,405.47
KJQF,KTEB,1,522.21
KJQF,KTPA,1,523.22
KJWN,KJZI,1,459.96
KJWN,KMRY,1,1933.74
KJWN,KMSY,1,470.03
KJWN,KMTJ,1,1162.47
KJWN,KPWK,1,413.41
KJAN,MYEH,1,936.72
KJAX,KTEB,1,833.01
KJAX,MYAM,1,392.19
KJAX,TNCM,1,1448.83
KJAX,TUPJ,1,1359.13
KJFK,KMTV,1,435.84
KJFK,KOXC,1,66.95
KJFK,KSGJ,1,851.45
KLAX,KSBA,1,88.49
KLAX,KSDM,1,125.57
KLAX,KSMF,1,373.08
KLAX,KSUA,1,2305.79
KLAX,KTEB,1,2453.82
KLAX,KUDD,1,123.14
KLAX,MMPR,1,1219.0
KLAX,MMSL,1,916.52
KLAS,MMSL,1,959.46
KLAS,MRLB,1,2554.38
KLAX,KLAX,1,0.0
KLAX,KMFR,1,630.86
KLAX,KMMH,1,255.5
KLAX,KMOD,1,291.75
KLAX,KMRY,1,266.3
KLAX,KPBI,1,2325.63
KLAS,KSDL,1,250.21
KLAS,KSGR,1,1213.66
KLAS,KSLN,1,976.6
KLAS,KTEB,1,2226.7
KLAS,KUGN,1,1516.69
KLAS,KVRB,1,2107.25
KLAS,KXNA,1,1160.34
KLAS,KYNG,1,1880.93
KLAS,KLRD,1,1091.67
KLAS,KOMA,1,1096.68
KLAS,KPBI,1,2154.12
KLAS,KPSC,1,733.07
KLAS,KPWM,1,2404.6
KLAS,KRIL,1,469.84
KLAS,KRNM,1,232.82
KLAS,KSCK,1,358.44
KLUK,KRSW,1,881.82
KLUK,MYEH,1,1043.32
KLVK,KPHX,1,624.46
KLVK,KRNO,1,166.86
KLVM,KSDL,1,837.98
KLWB,KMSP,1,821.53
KLWM,KSTS,1,2684.3
KLZU,KPBI,1,554.15
KLNK,KRSW,1,1308.37
KLNK,KSDL,1,969.57
KLNK,KTEB,1,1182.95
KLNS,KPBI,1,953.83
KLRD,KMKC,1,847.57
KLRD,MMSD,1,708.47
KLUK,KPDK,1,361.21
KLUK,KRDU,1,380.58
KLGA,KMCO,1,951.32
KLGA,KMDW,1,723.25
KLGA,KPBI,1,1036.66
KLGA,MMSD,1,2404.37
KLGB,KPBI,1,2310.66
KLIT,KMSY,1,346.76
KLIT,KTPA,1,737.42
KLMT,KPDX,1,241.03
KLBE,KTMB,1,1012.26
KLBF,KLSE,1,516.14
KLBF,KMKG,1,752.48
KLBF,KSDL,1,804.25
KLBF,KUDD,1,993.49
KLEW,KPHF,1,578.0
KLEX,KSRQ,1,744.83
KLEX,KTEB,1,594.97
KAPF,KOCF,1,210.42
KAPF,KORL,1,167.56
KAPF,KOSU,1,965.2
KAPF,KPBI,1,110.24
KAPF,KPDK,1,554.59
KAPF,KPHL,1,1020.0
KAPF,KPHX,1,1874.05
KAPF,KPNE,1,1038.18
KAPF,KJKA,1,458.73
KAPF,KLAF,1,1028.87
KAPF,KLAS,1,2077.95
KAPF,KLEX,1,837.59
KAPF,KLUK,1,907.79
KAPF,KMEM,1,783.66
KAPF,KMQS,1,1014.14
KAPF,KMSP,1,1441.96
KMCO,KSDL,1,1840.07
KAPF,KCRE,1,559.76
KAPF,KCVG,1,906.68
KAPF,KFHB,1,308.71
KAPF,KGFL,1,1273.32
KAPF,KGYY,1,1115.74
KAPF,KHDC,1,605.84
KAPF,KHKS,1,664.24
KMAF,KSGR,1,420.2
KMAF,MMSL,1,781.25
KMAF,T82,1,227.44
KMBT,KTEB,1,749.5
KMCC,KOGD,1,526.86
KMCO,KMFD,1,858.95
KMCO,KORF,1,655.75
KMCO,KPWK,1,1015.22
KMFR,KRDM,1,156.09
KMGY,KRME,1,521.33
KMGY,KTCL,1,478.52
KMHR,MMPR,1,1561.28
KMHT,TJSJ,1,1721.92
KMIA,KMIA,1,0.0
KMIA,KMSP,1,1502.42
KMIA,KOGD,1,2097.55
KMDW,KVNY,1,1742.85
KMDW,KXNA,1,517.77
KMDW,T82,1,1010.45
KMEM,KMLI,1,443.54
KMEM,KRSW,1,763.25
KMEM,KTKI,1,399.51
KMEM,MYAM,1,964.54
KMFE,MMTO,1,480.02
KMDW,KMGM,1,659.62
KMDW,KPSP,1,1653.86
KMDW,KRIL,1,1056.16
KMDW,KRYY,1,563.82
KMDW,KSLC,1,1255.44
KMDW,KSLN,1,560.88
KMDW,KSRQ,1,1036.79
KMDW,KTCL,1,591.86
KAPF,KPTK,1,1144.76
KMCO,KSLC,1,1928.3
KMCO,KTEB,1,951.1
KMCO,KVQQ,1,128.29
KMCO,MDPC,1,1064.66
KMCO,MYAM,1,290.89
KMDT,KPSP,1,2217.35
KMDT,KTEB,1,148.97
KMKE,KSUA,1,1171.3
KMKT,KNEW,1,1002.64
KMKY,KTTN,1,1062.69
KMLB,KRIC,1,677.61
KMLI,KSLC,1,1115.63
KMLI,KTYS,1,524.38
KMMU,KMTJ,1,1777.15
KMMU,KOPF,1,1082.46
KMKC,KPPO,1,446.86
KMKC,KSDL,1,1033.55
KMKC,KSUA,1,1168.36
KMKC,KTEB,1,1090.96
KMKC,KUDD,1,1257.6
KMKC,KUGN,1,419.07
KMKE,KMMU,1,708.51
KMKE,KMSP,1,296.76
KMIA,KWST,1,1179.04
KMIA,MBPV,1,578.09
KMIA,MMUN,1,530.91
KMIA,MPMG,1,1163.3
KMIA,MWCR,1,454.41
KMIA,MYLS,1,350.32
KMIA,MYNN,1,183.81
KMIA,SEQM,1,1795.53
KMIA,KORL,1,200.53
KMIA,KPBI,1,62.51
KMIA,KPIE,1,207.7
KMIA,KPUB,1,1652.12
KMIA,KSRQ,1,178.29
KMIA,KTPA,1,204.43
KMIA,KUUV,1,1067.99
KMIA,KVQQ,1,320.58
KAPC,KJAC,1,707.68
KAPC,KMSP,1,1562.11
KAPC,KOAK,1,34.14
KAPC,KPWA,1,1369.97
KAPC,KSDL,1,660.71
KAPC,KTEB,1,2543.55
KAPC,KVNY,1,348.02
KAPF,KBAF,1,1219.41
KAPA,KPSP,1,756.93
KAPA,KSCD,1,1119.64
KAPA,KSNA,1,827.68
KAPA,KSUA,1,1650.53
KAPA,KTMB,1,1706.93
KAPA,KTPA,1,1504.97
KAPA,MMSL,1,1186.55
KAPC,KBZN,1,773.15
KMOB,KRVS,1,579.39
KMQJ,KSCD,1,461.53
KMQS,KTMB,1,1024.72
KMQS,KTPA,1,912.42
KMRY,KSAN,1,375.18
KMRY,KSTL,1,1719.32
KAPA,KHDN,1,140.22
KAPA,KMKC,1,548.59
KMMU,KPDK,1,722.9
KMMU,KSDM,1,2401.23
KMMU,KSLC,1,1949.5
KMMU,KSTS,1,2546.57
KMMU,KTPA,1,998.55
KMMU,MBPV,1,1320.53
KMMU,MKJS,1,1554.39
KMMU,TNCA,1,1973.34
KMTJ,KSGR,1,929.95
KMTJ,KSUN,1,479.77
KMTJ,KTPA,1,1628.82
KMTJ,KXNA,1,760.77
KMTN,KVNY,1,2334.33
KMTN,KVRB,1,838.43
KMTN,TAPA,1,1767.22
KMTV,MYNN,1,815.0
KMSP,KRSW,1,1418.13
KMSP,MMSL,1,1785.14
KMSY,KPDK,1,440.28
KMSY,KRIL,1,1187.06
KMSY,KTEB,1,1177.45
KMSY,MYEH,1,886.33
KMSY,MYNN,1,854.67
KMSY,TKPK,1,1943.37
KMSN,KNEW,1,905.76
KMSN,KOMA,1,358.55
KMSN,KOPF,1,1295.61
KMSN,KPNS,1,883.14
KMSO,KPSP,1,912.99
KMSP,KOMA,1,281.61
KMSP,KPSP,1,1451.75
KMSP,KPUB,1,738.45
KAPF,KBLM,1,1064.8
KAPF,KBOS,1,1275.28
KAPF,KBWI,1,947.14
KAPF,KCHS,1,477.64
KAPF,KCLE,1,1054.17
KAPF,KCOS,1,1589.58
KMRY,KUDD,1,370.54
KMSN,KMSN,1,0.0
KOMA,KSDL,1,1023.77
KONT,KSJC,1,333.33
KOPF,KOPF,1,0.0
KOPF,KPIT,1,1007.68
KOPF,KPTK,1,1171.48
KOPF,KRIL,1,1841.3
KOPF,MBPV,1,580.99
KOPF,TNCM,1,1225.37
KOCF,KRDU,1,504.64
KODO,KSAT,1,285.21
KOFP,KSDL,1,1944.57
KOJC,KUUV,1,197.71
KOKC,KRNO,1,1245.21
KOMA,KOMA,1,0.0
KOMA,KPSP,1,1237.3
KOMA,KPWK,1,415.9
KNEW,KTYR,1,355.47
KNUQ,KSLC,1,587.67
KOAK,KPSP,1,418.09
KOAK,KSLC,1,587.16
KOAK,KTRM,1,442.31
KOAK,KVNY,1,319.96
KOAK,MMSD,1,1249.5
KOCF,KOSU,1,755.22
KMVL,KTEB,1,264.95
KMVY,KTEB,1,183.3
KMYF,KTOA,1,97.26
KMYL,KSAN,1,841.87
KMYL,KSTS,1,560.05
KNEW,KPCW,1,887.73
KNEW,KSGR,1,338.56
KNEW,KSUA,1,626.56
KPBI,KVBT,1,1064.58
KPBI,KVNY,1,2331.01
KPBI,TQPF,1,1234.11
KPDK,KSGJ,1,321.54
KPDK,KSRQ,1,459.64
KPDK,KSSI,1,253.33
KPDK,KTLH,1,240.41
KPDK,KTUS,1,1544.21
KOTH,KSFO,1,412.47
KOXC,KSFO,1,2601.48
KPBI,KSAV,1,382.02
KPBI,KSFO,1,2562.39
KPBI,KSGR,1,968.64
KPBI,KSNA,1,2294.05
KPBI,KTIX,1,133.69
KPBI,KTUL,1,1137.19
KORL,KSNA,1,2178.74
KORL,KTPA,1,82.99
KORL,KTUL,1,998.79
KORL,KXNA,1,925.12
KORL,MYNN,1,339.9
KORL,TLPL,1,1660.11
KOSU,KRIL,1,1305.07
KOSU,KTEB,1,476.51
KOQU,TJIG,1,1629.29
KOQU,TXKF,1,737.72
KORD,KPSM,1,871.76
KORD,KRSW,1,1122.41
KORF,KSPI,1,757.11
KORF,MYAM,1,719.37
KORL,KPBI,1,149.31
KORL,KPHL,1,855.97
KPIT,KSUS,1,568.72
KPIT,KTEB,1,324.32
KPIT,KTMB,1,1025.69
KPIT,KTME,1,1149.41
KPIT,KVRB,1,886.94
KPIT,MMMY,1,1528.09
KPIT,MMTO,1,1855.58
KPNS,KSUA,1,478.9
KPHL,MMSL,1,2335.22
KPHL,TNCM,1,1673.39
KPHX,KSLC,1,508.13
KPHX,T82,1,799.4
KPIE,KSDF,1,730.81
KPIE,KXNA,1,891.71
KPIE,MBPV,1,778.13
KPIE,MYNN,1,378.82
KPGA,KPSP,1,356.24
KPGA,KVNY,1,437.83
KPGD,KWDR,1,498.19
KPHF,KPWM,1,555.05
KPHL,KPHX,1,2070.93
KPHL,KRDU,1,336.97
KPHL,KSTL,1,811.54
KPHL,KTMB,1,1027.58
KPDK,KVRB,1,487.63
KPDK,TAPA,1,1810.9
KPDX,KPHX,1,1009.77
KPDX,KSAN,1,933.69
KPDX,KSBA,1,784.79
KPDX,KSEA,1,129.3
KPDX,KSMF,1,479.06
KPDX,KSNA,1,860.31
KAHN,KJAX,1,257.18
KAHN,KPBI,1,537.62
KALN,KSDF,1,238.09
KAMA,KMSY,1,757.09
KAMA,KRIL,1,444.66
KAMA,KSAT,1,435.8
KAPA,KBCT,1,1690.34
KAPA,KBNA,1,1017.66
KAFW,KJAC,1,1030.65
KAFW,KLAS,1,1035.65
KAFW,KMCO,1,1000.68
KAFW,MMSL,1,1034.96
KAGC,KEWR,1,303.38
KAGC,KISM,1,837.97
KAGS,KSJC,1,2251.8
KAGS,KSUA,1,440.01
KADS,KLAX,1,1243.05
KADS,KPWK,1,798.34
KADS,KSAT,1,256.13
KADS,KSDL,1,870.96
KADS,KSRQ,1,934.79
KADS,MMSD,1,1036.23
KAFW,KAPA,1,618.06
KAFW,KBNA,1,642.63
KPRB,KTIW,1,807.42
KPSF,KPVD,1,107.27
KPSP,KSTL,1,1489.27
KPVD,KTMB,1,1223.67
KPWK,KRIL,1,1049.51
KADS,KBZN,1,1165.84
KADS,KHDO,1,285.19
KADS,KJWN,1,607.68
KROC,KSUA,1,1110.4
KRST,KSNA,1,1529.57
KRSW,KSFO,1,2476.73
KRSW,KSUA,1,104.54
KRUT,KSKX,1,1787.14
KRYY,KSFB,1,412.49
KSAF,KSFO,1,912.52
KSAN,KSFO,1,446.74
KRIL,KSBA,1,754.9
KRIL,KSFO,1,801.21
KRIL,KSLC,1,240.73
KRIL,KTEB,1,1768.44
KRME,KVRB,1,1112.13
KRNO,KSAN,1,489.05
KRNO,KSJC,1,188.3
KROA,KRST,1,797.58
KPWM,KTEB,1,272.23
KRDG,KRDU,1,346.7
KRDM,KSDL,1,885.33
KRDM,KSFO,1,462.86
KRDU,KSUA,1,606.71
KRDU,KVRB,1,576.08
KRDU,MYEM,1,746.36
KRIL,KSAT,1,867.49
KAPA,KBOS,1,1764.44
KAPA,KHBV,1,914.31
KPWK,KRST,1,263.27
KPWK,KSBA,1,1800.24
KPWK,KSRQ,1,1060.73
KPWK,KTEB,1,720.92
KPWK,MYBS,1,1235.89
KPWK,MYNN,1,1321.46
KSDL,MMPR,1,982.78
KSDL,MMSD,1,735.55
KSDL,MMSL,1,747.13
KSDM,KSNA,1,91.94
KSDM,MMLP,1,711.55
KSDM,MMSL,1,791.55
KSEA,PHOG,1,2639.77
KSFB,KTME,1,885.85
KSDL,KSMO,1,376.38
KSDL,KSNA,1,342.65
KSDL,KSUN,1,694.68
KSDL,KTEB,1,2123.57
KSDL,KTEX,1,373.87
KSDL,KTKI,1,883.53
KSDL,KTMB,1,1960.45
KSDL,KUDD,1,251.06
KSAV,KVNC,1,357.17
KSBA,KSDM,1,208.76
KSBA,KSGR,1,1451.31
KSBA,KSRQ,1,2249.95
KSCK,PHOG,1,2401.47
KSDL,KSGF,1,1070.41
KSDL,KSJC,1,619.57
KSDL,KSLN,1,870.12
KSAN,KSLC,1,626.58
KSAN,KSLN,1,1169.69
KSAN,KTEB,1,2425.77
KSAT,KSLC,1,1086.91
KSAT,KTEB,1,1576.62
KSAT,MMPR,1,744.2
KSAT,MMSD,1,823.8
KSAV,KTVI,1,179.11
KSLC,MMPR,1,1444.42
KSLC,MMSL,1,1238.28
KSLK,KTEB,1,244.38
KSMF,KSTL,1,1674.71
KSMX,KTIX,1,2356.95
KSNA,KSNL,1,1194.71
KSNA,KTUS,1,415.94
KSNA,KUDD,1,91.71
KSHD,KTPA,1,741.17
KSJC,KTEB,1,2545.82
KSJC,MMSD,1,1220.22
KSJC,MMSL,1,1224.31
KSJC,PHLI,1,2463.5
KSLC,KSNA,1,588.33
KSLC,KTRM,1,545.55
KSLC,KVDF,1,1893.05
KSGR,KSNA,1,1333.34
KSGR,KTEB,1,1438.52
KSGR,KTYS,1,800.64
KSGR,MMCP,1,750.54
KSGR,MYEH,1,1195.65
KSGU,KSJC,1,463.72
KSGU,KSLC,1,272.01
KSGU,KTRM,1,278.9
KSFO,KSLC,1,597.75
KSFO,KSNA,1,371.76
KSFO,KSUA,1,2539.56
KSFO,KVNY,1,320.5
KSFO,PHKO,1,2366.2
KSFO,PHOG,1,2336.59
KSGF,KSRQ,1,927.85
KSGJ,KSPA,1,344.39
KTEB,KTME,1,1442.11
KTEB,KTUS,1,2118.48
KTEB,KTYS,1,640.52
KTEB,KUNV,1,197.89
KTEB,KVNY,1,2450.5
KTEB,LFPB,1,3624.68
KTEB,MBPV,1,1322.22
CYYZ,KASE,1,1436.88
KSUN,KVNY,1,680.4
KSUS,KTWF,1,1274.01
KSUS,MYAF,1,1222.95
KSVH,KTEB,1,512.63
KSVH,KVRB,1,561.2
KSZT,KUES,1,1406.06
KTCL,MYNN,1,832.49
KTEB,KTEX,1,1806.87
KSTL,MYNN,1,1209.84
KSTS,KTRM,1,501.62
KSUA,KYNG,1,973.18
KSUA,MMTO,1,1340.07
KSUA,MROC,1,1215.66
KSUA,MYAM,1,198.82
KSUA,MYNN,1,226.12
KSUA,TNCM,1,1258.98
KADM,KBNA,1,596.92
KADS,KAPF,1,1018.85
KADS,KAUS,1,197.83
KSRQ,KTTN,1,993.71
KSRQ,MDLR,1,1064.26
KSTC,KUGN,1,375.79
KSTL,KSUA,1,990.93
KSTL,KSUS,1,16.34
TJSJ,TNCM,1,191.83
KBFI,KTIX,1,2570.7
KBFI,KVNY,1,941.35
KBFI,PHOG,1,2643.1
KBFI,TNCM,1,3878.57
KBFM,KIAD,1,831.26
KBFM,KLIT,1,372.47
KBGM,KTPA,1,1050.03
KVNY,MMPR,1,1235.46
KVNY,MMSD,1,929.78
LTBA,VIDP,1,2832.98
MBPV,TUPJ,1,551.43
MMCZ,MWCR,1,371.77
MMGL,MMMY,1,416.3
MMGL,MMTO,1,256.67
MMSM,TAPA,1,2441.61
KTEB,TQPF,1,1695.42
KTMB,KTPA,1,206.48
KTMB,KYIP,1,1159.89
KTMB,MBPV,1,581.53
KTPA,MRLB,1,1216.77
KTUL,MMSL,1,1242.54
KTUS,MMSD,1,623.9
KUDD,KVNY,1,130.85
CYYZ,KDTW,1,213.7
KTEB,MMSL,1,2416.42
KTEB,MMTO,1,2114.01
KTEB,MMUN,1,1561.02
KTEB,MWCR,1,1550.58
KTEB,MYEH,1,1072.89
KTEB,TAPA,1,1794.03
KTEB,TNCM,1,1704.79
