RequestID,RequestedTime,DepartureAirport,ArrivalAirport
20095287,2026-02-17T23:30:00Z,KSDL,KIAD
20111673,2026-02-17T22:00:00Z,KNEW,KIAD
20095292,2026-02-17T20:30:00Z,KOPF,KPIT
20099389,2026-02-17T22:00:00Z,KICT,KIAD
20033854,2026-02-17T22:00:00Z,KSLC,KLUK
19939629,2026-02-17T23:00:00Z,KSNA,KBFI
20111661,2026-02-17T21:30:00Z,KFFC,KLAL
20066579,2026-02-17T22:20:00Z,TJSJ,KTEB
20091138,2026-02-17T21:00:00Z,KMIA,KTEB
20074763,2026-02-17T18:00:00Z,KVNY,KMTN
20091256,2026-02-17T17:00:00Z,KEGE,KPWA
20050298,2026-02-17T17:00:00Z,KAUS,KMRY
20099455,2026-02-17T17:00:00Z,MYNN,KTEB
20046189,2026-02-18T01:00:00Z,KTEB,KMDW
20111703,2026-02-17T20:00:00Z,KRSW,KJWN
20103512,2026-02-17T22:00:00Z,KFTY,KTEB
20095320,2026-02-17T17:00:00Z,PHLI,KSJC
19419487,2026-02-17T18:00:00Z,KSDL,KOMA
20115894,2026-02-17T19:31:00Z,KPBI,KPBI
20042169,2026-02-17T20:30:00Z,KMTJ,KSUN
19968420,2026-02-17T21:00:00Z,KMTJ,KEYW
19820983,2026-02-17T18:00:00Z,KAPF,KTTN
20099496,2026-02-18T17:00:00Z,SEQM,KMIA
20033963,2026-02-17T20:00:00Z,KOPF,KMMU
20091309,2026-02-17T17:30:00Z,MMSD,KCHS
20083073,2026-02-17T17:06:00Z,KCHS,KCLT
20099462,2026-02-17T21:00:00Z,KSUN,KVNY
20115965,2026-02-18T01:30:00Z,KSLC,KRIL
20070882,2026-02-17T18:00:00Z,KRIL,KLAX
19980771,2026-02-17T17:48:00Z,KTEB,KSNL
19952080,2026-02-17T22:30:00Z,KMSY,MBPV
20115931,2026-02-17T20:15:00Z,KSAV,KTVI
20103619,2026-02-17T19:00:00Z,KCXO,KSNA
20087236,2026-02-17T18:00:00Z,KAPF,KMCO
20099119,2026-02-18T00:30:00Z,KLAS,KAFW
20115481,2026-02-17T19:30:00Z,KPBI,KHPN
19988487,2026-02-17T17:30:00Z,KLUK,KSLC
20070408,2026-02-17T20:15:00Z,KPBI,KTIX
20033649,2026-02-18T01:00:00Z,KJZI,KOKC
19685489,2026-02-17T17:00:00Z,KSNA,PHOG
20090963,2026-02-17T21:00:00Z,KTEB,KCHS
19955807,2026-02-17T18:00:00Z,KBZN,KTEB
20107339,2026-02-17T22:30:00Z,KFXE,KTEB
20111540,2026-02-17T23:00:00Z,PHKO,KSFO
20107438,2026-02-17T20:00:00Z,KFLL,KHPN
20037780,2026-02-18T21:00:00Z,PHOG,KSCK
19882112,2026-02-17T23:30:00Z,KHWD,KLAS
20111488,2026-02-17T22:30:00Z,KHRF,KVNY
20103297,2026-02-17T20:00:00Z,KSDL,MMSL
19984518,2026-02-17T22:00:00Z,MMSL,KSFO
20091022,2026-02-17T22:30:00Z,KSLC,KVNY
19783918,2026-02-17T23:00:00Z,KNEW,KCLT
20091124,2026-02-17T19:00:00Z,KSTL,KMKC
19628268,2026-02-17T17:00:00Z,KEGE,KTMB
20107514,2026-02-17T21:00:00Z,KRME,KFMY
20111584,2026-02-17T20:00:00Z,KMFE,MMTO
20095209,2026-02-18T00:18:00Z,KCOU,KSTL
20066510,2026-02-17T23:00:00Z,KAUS,KFCM
20108082,2026-02-17T23:00:00Z,KFHB,KORL
20087607,2026-02-17T17:00:00Z,KSRQ,KBED
19997496,2026-02-17T22:00:00Z,MRLB,KBOS
20116261,2026-02-17T20:00:00Z,KAUS,KDAL
20116242,2026-02-17T19:00:00Z,KSJC,KVNY
20030232,2026-02-17T20:00:00Z,KCHS,KUKF
20091672,2026-02-17T22:00:00Z,KPIT,KSUS
20095754,2026-02-17T18:00:00Z,KERI,KSRQ
20095755,2026-02-17T17:00:00Z,KERI,KTMB
20116233,2026-02-18T05:48:00Z,KGJT,KFNL
20091766,2026-02-17T20:00:00Z,KMIA,KTEB
20108155,2026-02-17T20:30:00Z,KLZU,KPBI
20095844,2026-02-17T19:00:00Z,KSUA,KPVD
20042581,2026-02-17T20:00:00Z,KAGS,KSJC
20087616,2026-02-17T17:54:00Z,KMIA,KRIL
19989316,2026-02-17T17:06:00Z,KDAY,KSRQ
19800997,2026-02-17T17:30:00Z,MYNN,KPBI
19927980,2026-02-17T17:00:00Z,KMKC,KJZI
20116399,2026-02-17T20:30:00Z,KJWN,KBHM
20104109,2026-02-17T18:00:00Z,KAPF,KHDC
201046372,2026-02-17T18:36:00Z,KSTL,KPSP
20009877,2026-02-18T00:30:00Z,KHHR,KAUS
20034438,2026-02-17T19:30:00Z,KTYR,KBNA
20095881,2026-02-17T21:30:00Z,KAVL,KATL
20038654,2026-02-17T21:00:00Z,CYYZ,KPBI
20091874,2026-02-17T17:30:00Z,KHPN,KMIA
20112363,2026-02-17T18:00:00Z,KBIL,KSJC
20108269,2026-02-17T21:45:00Z,KSLC,KTRM
20112340,2026-02-17T20:00:00Z,KBZN,KMEM
20116437,2026-02-17T23:00:00Z,KSDL,KMRY
19981277,2026-02-17T17:00:00Z,KSAN,KMYL
20038193,2026-02-17T22:30:00Z,KSPA,KSGJ
20091443,2026-02-17T20:30:00Z,KMSY,KPDK
20087355,2026-02-17T18:00:00Z,MMSD,KLGA
19964473,2026-02-17T17:00:00Z,KEGE,KLNK
20103715,2026-02-17T18:30:00Z,KPDX,KIAD
20107822,2026-02-17T17:00:00Z,KMSP,KSLC
20050449,2026-02-17T23:00:00Z,KRST,KROA
20050458,2026-02-17T21:00:00Z,KDAL,KTEB
20111903,2026-02-17T18:30:00Z,KSAT,KODO
19968629,2026-02-17T17:00:00Z,KSAN,KTEB
20103806,2026-02-17T19:00:00Z,KJQF,KFXE
20038251,2026-02-17T17:30:00Z,KBEH,KADS
20034154,2026-02-17T21:00:00Z,KSAT,KHOU
20107863,2026-02-17T21:00:00Z,KBFI,KPDX
20107866,2026-02-17T21:30:00Z,KMDW,KSDL
20116034,2026-02-17T17:00:00Z,KMSY,KAMA
20103744,2026-02-18T02:00:00Z,KPDX,KIAD
20112060,2026-02-18T01:00:00Z,KSFO,KVNY
20112061,2026-02-17T19:30:00Z,KBLI,KVNY
20116142,2026-02-17T23:00:00Z,KMAF,KLIT
200153202,2026-02-17T18:24:00Z,KFLL,KCLL
20103834,2026-02-17T20:30:00Z,KFMY,KJAX
20095616,2026-02-17T21:30:00Z,KGJT,KBED
20103922,2026-02-17T21:00:00Z,KSDF,KTPA
20103923,2026-02-17T23:24:00Z,KTPA,KPBI
20087545,2026-02-17T21:12:00Z,KPWA,KHRL
20112110,2026-02-17T22:00:00Z,KVRB,KBOS
20107991,2026-02-17T17:00:00Z,KHPN,CYVR
20095705,2026-02-17T22:00:00Z,KSUS,KGRB
20107999,2026-02-17T21:15:00Z,KMDW,CYYZ
20095684,2026-02-17T17:15:00Z,KSLC,KCHO
20046537,2026-02-17T22:00:00Z,KSLC,KHPN
20107983,2026-02-17T22:30:00Z,KMCO,KTPA
19956430,2026-02-17T20:00:00Z,KMTJ,KJAC
20108599,2026-02-17T22:30:00Z,KMSY,KRIL
20059448,2026-02-17T19:36:00Z,KBNA,KSRQ
20104505,2026-02-17T17:30:00Z,KFTY,KCRG
20092181,2026-02-17T18:30:00Z,KVNY,KSLC
19973402,2026-02-17T19:30:00Z,KPSP,MMSD
20096281,2026-02-17T19:00:00Z,KLAS,KSNA
20100359,2026-02-17T22:12:00Z,KAPF,KDAL
20002058,2026-02-17T19:00:00Z,TAPA,KHPN
20051312,2026-02-17T18:30:00Z,KAUS,MMSL
19965300,2026-02-17T20:00:00Z,KAPF,KPNE
20063606,2026-02-17T18:30:00Z,KDEN,KBUR
20116838,2026-02-17T21:30:00Z,KSUA,KBLM
20043108,2026-02-17T19:30:00Z,KPGA,KAUS
20096356,2026-02-17T19:01:00Z,KBOS,KBOS
20096357,2026-02-17T22:00:00Z,KVQQ,KMIA
20108645,2026-02-17T21:30:00Z,KRDU,KLIT
20092240,2026-02-17T18:00:00Z,KSJC,KSNA
19961173,2026-02-17T18:00:00Z,MYNN,KPIE
20039003,2026-02-17T21:00:00Z,MWCR,MMCZ
20096326,2026-02-17T19:00:00Z,KBOS,KOPF
20116811,2026-02-17T23:00:00Z,KNUQ,KBZN
20018510,2026-02-17T17:30:00Z,KAPF,KCMH
20067775,2026-02-17T22:00:00Z,KMKC,KTEB
20100513,2026-02-17T20:15:00Z,KCHO,KIAG
20112801,2026-02-17T18:00:00Z,KPSP,KOAK
20116909,2026-02-17T18:00:00Z,KSAF,KTEB
20063632,2026-02-17T19:00:00Z,KMSN,KCPS
20096401,2026-02-18T00:00:00Z,KPSP,KCMA
20006296,2026-02-17T23:00:00Z,KFTY,KPIE
19998107,2026-02-17T17:30:00Z,KPUB,KMIA
20104606,2026-02-17T17:00:00Z,KCMH,KFLL
19944835,2026-02-17T18:00:00Z,KSNA,KPBI
20116873,2026-02-17T20:50:00Z,KSFO,KBZN
19961229,2026-02-17T23:00:00Z,KJAC,KHPN
20116964,2026-02-17T21:00:00Z,KFXE,KHPN
20108754,2026-02-17T19:00:00Z,KHVN,KHOU
20116950,2026-02-17T20:30:00Z,KVNY,KAPA
20104640,2026-02-17T22:00:00Z,KAPA,KBOS
20043215,2026-02-18T00:30:00Z,KPBI,KSDF
20108338,2026-02-17T23:45:00Z,KSBA,KSJC
20087858,2026-02-17T19:00:00Z,KBDR,KIAD
20108343,2026-02-18T01:30:00Z,KPDK,KDTS
20005915,2026-02-17T23:00:00Z,KAPF,KCHS
19846168,2026-02-17T20:00:00Z,KPSP,KOMA
20116489,2026-02-17T18:00:00Z,KSUA,KTEB
19964940,2026-02-17T18:00:00Z,KRDU,KTEB
20096012,2026-02-17T20:30:00Z,KHPN,KPBI
20096119,2026-02-17T21:48:00Z,KTEB,KMHT
20046966,2026-02-17T19:00:00Z,TJSJ,KTEB
20116600,2026-02-17T20:00:00Z,KAUS,KBNA
19981438,2026-02-17T17:00:00Z,KSDL,KPBI
20100192,2026-02-17T23:00:00Z,KMSP,KMKE
19977314,2026-02-17T17:30:00Z,KGJT,KHPN
20042853,2026-02-17T20:30:00Z,KPHL,KPHX
20112450,2026-02-18T02:15:00Z,KMCC,KOGD
20100164,2026-02-17T18:00:00Z,KRDU,KOCF
20100165,2026-02-17T20:06:00Z,KOCF,KAPF
20116555,2026-02-18T00:00:00Z,KEWR,KOPF
20108467,2026-02-17T23:15:00Z,KTEB,KJQF
20096167,2026-02-17T18:45:00Z,KVQQ,KFCI
20096168,2026-02-17T20:45:00Z,KFCI,KIAD
19907717,2026-02-17T20:30:00Z,KSLC,KBOS
20092063,2026-02-17T23:00:00Z,KIAD,KTEB
20038789,2026-02-17T22:00:00Z,KBZN,KHPN
20116615,2026-02-17T23:45:00Z,KIAH,KCOS
20063364,2026-02-17T17:00:00Z,KBIV,KTEB
19977353,2026-02-17T19:00:00Z,KPBI,KBNA
20051175,2026-02-18T01:30:00Z,KORL,KCLE
20051174,2026-02-18T00:00:00Z,KPBI,KORL
19408118,2026-02-17T19:00:00Z,KBKS,KSDL
19760330,2026-02-17T19:00:00Z,MBPV,KEWR
20047065,2026-02-17T19:00:00Z,KDFW,KORD
19973339,2026-02-17T18:00:00Z,KSLK,KTEB
199859743,2026-02-17T21:36:00Z,KSLC,KOAK
199859742,2026-02-17T18:18:00Z,KMSP,KSLC
20100298,2026-02-17T17:00:00Z,KPLN,KCMH
20042954,2026-02-17T18:00:00Z,KSGR,MYNN
20100903,2026-02-17T22:00:00Z,KCRG,KPBI
20117294,2026-02-18T04:00:00Z,KSNA,KRNO
20096784,2026-02-17T21:30:00Z,KASE,KVNY
20096791,2026-02-17T18:00:00Z,KLAS,KAPF
20014875,2026-02-17T17:00:00Z,KOMA,KFAR
19879682,2026-02-17T19:15:00Z,KPRB,KTIW
20109058,2026-02-18T02:15:00Z,KSFO,KBZN
20100871,2026-02-17T18:15:00Z,KMDW,KRYY
19969799,2026-02-17T21:00:00Z,KJAC,KLUK
20100986,2026-02-17T21:30:00Z,KLGB,KPBI
20096891,2026-02-17T21:00:00Z,KFCM,KUGN
200416702,2026-02-17T17:24:00Z,KLNK,KTEB
20006745,2026-02-17T21:30:00Z,MYGF,KHOU
20039512,2026-02-17T17:15:00Z,KSRQ,KMDW
20023133,2026-02-17T20:30:00Z,KOPF,KFTY
20117320,2026-02-18T01:00:00Z,KLAX,KLAS
19707823,2026-02-17T19:00:00Z,KSUA,MYAM
20105146,2026-02-17T18:30:00Z,KAPF,KMIA
200953202,2026-02-17T22:18:00Z,KSJC,KESN
20006827,2026-02-17T20:45:00Z,KBOS,KSUA
20072338,2026-02-17T17:30:00Z,KSTL,KLUK
20060054,2026-02-17T23:00:00Z,KBNA,KTEB
20060053,2026-02-17T20:00:00Z,MYAM,KBNA
200699212,2026-02-17T17:12:00Z,KDTW,KASE
20097019,2026-02-17T23:00:00Z,KHOU,KSTL
20015102,2026-02-17T19:00:00Z,KMTH,KBDR
20068320,2026-02-17T19:00:00Z,KSUA,KJZI
201047342,2026-02-17T20:51:00Z,KIAD,KBDR
20105192,2026-02-17T18:31:00Z,KAPF,KAPF
20047830,2026-02-17T18:30:00Z,KBHM,KHDN
20105163,2026-02-17T20:00:00Z,KAUS,KMAF
20059696,2026-02-17T23:36:00Z,KSDL,KSAN
19985975,2026-02-17T23:54:00Z,KOAK,KAPC
20092448,2026-02-17T22:00:00Z,KTRM,KOAK
19985955,2026-02-18T04:00:00Z,KSAC,KBUR
20108833,2026-02-17T17:15:00Z,KAPF,KORL
20096557,2026-02-17T20:30:00Z,KSAN,KSLC
19985937,2026-02-17T17:00:00Z,KBIL,KLAS
20104724,2026-02-17T17:00:00Z,KPSM,KRYY
20047387,2026-02-17T23:30:00Z,KBJC,KCMH
20117116,2026-02-17T20:00:00Z,KMIA,KHPN
201088172,2026-02-17T18:37:00Z,KLBF,KSDL
20088431,2026-02-17T22:00:00Z,KGPI,KVNY
20108908,2026-02-17T18:00:00Z,KLAS,KSNA
19998289,2026-02-17T22:00:00Z,KSLC,KSNA
20039256,2026-02-17T20:30:00Z,KCMA,KCOU
20117058,2026-02-17T18:05:00Z,KRNO,KLAX
20088385,2026-02-17T17:48:00Z,KBZN,KDAL
20104776,2026-02-17T23:30:00Z,KPHX,KSLC
20039352,2026-02-17T22:30:00Z,KLAS,KAVQ
20100799,2026-02-17T22:00:00Z,KTEB,KDAL
20100771,2026-02-17T18:30:00Z,KMYR,KCMH
20010643,2026-02-17T20:30:00Z,KIAD,KPBI
19879558,2026-02-17T17:24:00Z,KMEM,KGSP
20092661,2026-02-17T20:00:00Z,MYNN,KHOU
19994343,2026-02-18T00:00:00Z,KSNA,KORL
20117225,2026-02-17T18:00:00Z,KSGR,KASE
20080343,2026-02-17T20:00:00Z,KCLE,KPBI
20027094,2026-02-17T19:45:00Z,KSBA,KTEB
20088538,2026-02-17T21:15:00Z,KRNO,KCRQ
20092634,2026-02-17T19:00:00Z,KATL,KHXD
19850971,2026-02-18T02:00:00Z,KATL,KSGJ
20105523,2026-02-17T18:45:00Z,KSFO,KEGE
20076861,2026-02-17T17:00:00Z,MYEH,KSGR
20011305,2026-02-17T20:00:00Z,KMIA,KPHL
20101423,2026-02-17T22:00:00Z,KSLC,KSFO
20015377,2026-02-17T17:30:00Z,KGSO,KORL
20101407,2026-02-17T22:00:00Z,KAUS,KHOU
201151432,2026-02-17T17:18:00Z,KMKC,KBYG
19970423,2026-02-17T21:30:00Z,KCHO,KTEB
20097401,2026-02-17T18:45:00Z,KSGR,KFTW
20076896,2026-02-17T18:00:00Z,KMKE,KSUA
20056422,2026-02-17T18:00:00Z,KISM,KPBI
20060504,2026-02-17T17:00:00Z,KCMH,KTUS
20003164,2026-02-17T21:00:00Z,KBZN,KBCT
20097375,2026-02-17T20:00:00Z,KTEB,MYNN
20072886,2026-02-17T18:42:00Z,KRIC,KTEB
20113847,2026-02-17T23:24:00Z,KBOS,KTEB
20072885,2026-02-17T17:00:00Z,KCMH,KRIC
20019642,2026-02-17T21:00:00Z,KTYS,KTEB
20105635,2026-02-17T23:15:00Z,KMCO,KAPF
20011410,2026-02-17T18:00:00Z,MDPC,KHPN
19970548,2026-02-17T22:15:00Z,KJAC,KRFD
20077034,2026-02-17T17:30:00Z,KBCT,KHPN
20113879,2026-02-17T23:00:00Z,KTTN,KIAD
20097486,2026-02-18T00:00:00Z,KPBI,KBNA
20011469,2026-02-17T21:00:00Z,KSUN,KSNA
20113870,2026-02-17T18:00:00Z,KSFB,KRYY
20060210,2026-02-17T18:00:00Z,KCMH,KBFI
199807712,2026-02-17T22:12:00Z,KSNL,KSNA
20011051,2026-02-17T23:00:00Z,KBOS,KCHS
20047899,2026-02-17T18:36:00Z,KPDK,KHDN
20064262,2026-02-17T20:45:00Z,KMIA,KPWK
20060279,2026-02-17T21:00:00Z,KFLL,KHPN
20076644,2026-02-17T18:00:00Z,KHGR,KCXU
19970158,2026-02-17T17:30:00Z,MDLR,KSRQ
20113502,2026-02-17T18:30:00Z,KBEH,KPDK
20113503,2026-02-17T20:36:00Z,KPDK,KAPF
20101184,2026-02-17T20:30:00Z,KSUA,KHSV
20060343,2026-02-17T17:39:00Z,KTMB,KPIT
20113589,2026-02-17T21:00:00Z,KSLN,KSDL
20076715,2026-02-17T17:00:00Z,MMSD,KSGR
20019371,2026-02-17T20:30:00Z,KAPF,KTEB
20060312,2026-02-18T03:30:00Z,KSAN,KGJT
20072607,2026-02-17T19:30:00Z,KACY,KBCT
20097163,2026-02-17T23:45:00Z,T82,KHOU
20076683,2026-02-17T21:00:00Z,KGJT,KTEB
20105458,2026-02-17T18:00:00Z,KMLI,KMEM
20076769,2026-02-17T19:00:00Z,KAPA,KMSP
19978448,2026-02-17T17:00:00Z,TJSJ,KHPN
20064468,2026-02-17T21:00:00Z,KFTY,KPGD
20076757,2026-02-17T20:00:00Z,KFXE,KMQS
20015320,2026-02-17T17:00:00Z,MYAF,KFLL
20060355,2026-02-17T19:30:00Z,KPBI,KHPN
20068544,2026-02-17T17:30:00Z,KPSP,KMSP
20114225,2026-02-17T17:00:00Z,KDIJ,KTEB
200991192,2026-02-18T03:36:00Z,KAFW,KMCO
20077312,2026-02-18T01:12:00Z,KSAN,KSFO
20101902,2026-02-18T01:00:00Z,KOPF,KTEB
20073339,2026-02-17T17:00:00Z,KDAL,KMCO
20011901,2026-02-17T23:00:00Z,KTRM,KBUR
20069247,2026-02-17T17:00:00Z,KHPN,KSUA
20032359,2026-02-17T17:00:00Z,MMPR,KCHS
20056939,2026-02-17T17:00:00Z,KAPF,KBAF
20101998,2026-02-17T18:30:00Z,KPBI,MYAM
20032337,2026-02-18T01:15:00Z,KBHM,KPBI
20101971,2026-02-17T19:00:00Z,KVNY,KTEB
20061014,2026-02-17T21:00:00Z,07FA,KAPF
20114271,2026-02-17T18:00:00Z,KMIA,MMUN
20032322,2026-02-17T19:15:00Z,KPBI,KBHM
20097979,2026-02-17T20:30:00Z,KSDL,KVNY
20073347,2026-02-18T01:00:00Z,KTEB,KCLT
20073448,2026-02-17T17:01:00Z,KLAX,KLAX
20011990,2026-02-17T19:06:00Z,KPBI,MYNN
20065241,2026-02-17T19:00:00Z,MMSL,KDAL
20073423,2026-02-17T20:00:00Z,KROA,KCMH
20113977,2026-02-17T18:30:00Z,KMIA,KISM
20023935,2026-02-17T19:30:00Z,KSMO,KCNY
20105835,2026-02-17T17:30:00Z,KSDL,MMSD
20101737,2026-02-17T20:00:00Z,KPBI,KHPN
19978840,2026-02-17T19:00:00Z,KOPF,KBED
20113985,2026-02-17T20:15:00Z,KSUA,KPDK
20113991,2026-02-17T19:00:00Z,KTKI,KHYI
20105803,2026-02-17T19:00:00Z,MMSL,KMSP
20060745,2026-02-17T22:30:00Z,KMIA,KDFW
20069050,2026-02-17T22:00:00Z,KDTS,KITH
20036284,2026-02-17T17:00:00Z,KPBI,KDAL
20073122,2026-02-17T17:30:00Z,KATW,KCLT
20097691,2026-02-17T18:00:00Z,KMDW,KTCL
19933853,2026-02-17T17:00:00Z,KORL,KTUL
20097692,2026-02-17T20:12:00Z,KTCL,MYNN
20101767,2026-02-17T21:00:00Z,KRST,KSNA
19876500,2026-02-17T17:00:00Z,KRIL,KSAT
20114061,2026-02-18T01:00:00Z,KOPF,KMCO
20085476,2026-02-17T19:30:00Z,KBNA,KHPN
200765472,2026-02-17T21:17:00Z,KHOU,KBZN
20073195,2026-02-17T19:52:00Z,KFAT,KSFO
20085483,2026-02-17T18:00:00Z,KPHL,KPBI
20089583,2026-02-17T18:15:00Z,KEYW,KPHL
20060886,2026-02-18T10:00:00Z,LFPB,KTEB
19966667,2026-02-17T18:00:00Z,KLAS,KUGN
20073167,2026-02-18T03:00:00Z,KDTO,KSLC
20065584,2026-02-17T18:00:00Z,KSDF,KBHM
19934516,2026-02-17T20:00:00Z,MBPV,KTEB
20110609,2026-02-17T17:30:00Z,KSUA,MYNN
20077850,2026-02-18T04:30:00Z,KLAS,KPHL
20077848,2026-02-17T21:30:00Z,KSDL,KRIL
20008289,2026-02-17T18:00:00Z,KLAL,KRDU
20065646,2026-02-17T22:00:00Z,KEGE,KTEB
19983697,2026-02-17T19:00:00Z,KIND,KROA
20094292,2026-02-18T00:30:00Z,KYIP,KTMB
20032858,2026-02-17T19:00:00Z,KCID,KPWK
20036958,2026-02-17T22:00:00Z,KGKY,KAUS
20045125,2026-02-17T17:00:00Z,KGJT,KHOU
20086199,2026-02-17T22:00:00Z,KGRR,KOFP
20094391,2026-02-17T21:00:00Z,KTEB,KPBI
20024759,2026-02-17T23:00:00Z,MYNN,KTEB
20078005,2026-02-17T19:15:00Z,KDAL,KIAD
20073892,2026-02-17T19:00:00Z,KBUR,KPHX
20090257,2026-02-18T00:00:00Z,CYYZ,KTEB
200656732,2026-02-17T18:24:00Z,KRVS,KEGE
20110834,2026-02-17T20:00:00Z,KTEB,KPWM
20110822,2026-02-18T04:15:00Z,KLAF,KPWK
20110821,2026-02-17T21:30:00Z,KPWK,KLAF
20065742,2026-02-17T22:00:00Z,KCLT,KHPN
20114486,2026-02-17T20:30:00Z,KHOU,KAUS
19983421,2026-02-17T19:30:00Z,KPDX,KLMT
20114473,2026-02-18T01:30:00Z,KPBI,KIAD
20114459,2026-02-17T22:30:00Z,KMIA,KEWR
20089858,2026-02-17T20:15:00Z,KEGE,KDZB
20110457,2026-02-18T03:00:00Z,KLVK,KPHX
20085856,2026-02-17T17:00:00Z,KMIA,KASE
20114520,2026-02-17T18:00:00Z,KSRQ,KCMH
201160342,2026-02-17T19:48:00Z,KAMA,KRIL
20114498,2026-02-17T20:30:00Z,KPBI,KGON
20077640,2026-02-17T23:00:00Z,KTEB,TXKF
20077751,2026-02-17T21:45:00Z,KDAL,KLIT
19979454,2026-02-17T18:00:00Z,KBZN,KBOS
20016259,2026-02-17T20:00:00Z,KAGS,KIAD
20114560,2026-02-17T19:30:00Z,KMKY,KGSH
20110470,2026-02-17T18:36:00Z,KPBI,KHPN
201123402,2026-02-17T23:24:00Z,KMEM,KRSW
199624272,2026-02-17T20:06:00Z,KICT,KLAX
20061323,2026-02-17T22:30:00Z,CYVR,KSDL
20077815,2026-02-17T21:00:00Z,KSOP,KMMU
20016383,2026-02-17T17:00:00Z,KCPP,KTPA
20085976,2026-02-17T17:00:00Z,KAPF,KPHX
20085983,2026-02-17T18:00:00Z,KOSU,KPBI
20094147,2026-02-17T17:00:00Z,KDAL,KEGE
20032714,2026-02-18T21:00:00Z,KBFI,PHOG
19971902,2026-02-17T23:00:00Z,KEGE,KMIA
19975970,2026-02-17T18:00:00Z,KGJT,KHPN
20094739,2026-02-17T19:00:00Z,KMDD,KBNA
20074262,2026-02-18T00:30:00Z,KMSY,KTEB
20094734,2026-02-17T17:30:00Z,KAPF,KRDU
19935088,2026-02-17T18:42:00Z,KBZN,KBOS
20057969,2026-02-17T18:00:00Z,KRNO,KLAX
200390032,2026-02-17T22:42:00Z,MMCZ,KAUS
20016984,2026-02-17T20:00:00Z,KPBI,KTEB
20102987,2026-02-17T19:30:00Z,KBCT,KLAS
20037553,2026-02-17T20:30:00Z,KADS,KSDL
20107194,2026-02-17T20:24:00Z,KTMB,KSRQ
20037565,2026-02-17T23:00:00Z,KMIA,KAPF
20115391,2026-02-17T22:00:00Z,KDAL,KSGR
20082594,2026-02-17T21:00:00Z,KVRB,KPDK
20111276,2026-02-18T01:30:00Z,KAPA,KAFW
20045709,2026-02-17T17:30:00Z,TUPJ,KHPN
19992460,2026-02-17T17:00:00Z,KSJC,KSLC
20115448,2026-02-18T05:00:00Z,KSNA,KBJC
20066253,2026-02-17T18:00:00Z,KPBI,KHPN
20074026,2026-02-17T17:30:00Z,TAPA,KTEB
20114965,2026-02-18T00:30:00Z,KFWA,KBIE
20049523,2026-02-18T00:00:00Z,CYVR,KBOS
20045394,2026-02-17T18:00:00Z,KBJC,KDAL
20065876,2026-02-17T18:00:00Z,KLAS,KSNA
19979869,2026-02-17T17:00:00Z,MMSD,KSAT
20045379,2026-02-17T17:00:00Z,KBWI,KBCT
20090433,2026-02-17T18:00:00Z,KSRQ,KGSP
19983948,2026-02-18T03:30:00Z,KMSO,KDAL
20049485,2026-02-18T00:30:00Z,KSMF,KLAX
20111035,2026-02-17T21:30:00Z,KPBI,KBVY
19996347,2026-02-17T19:00:00Z,KPBI,KHPN
20115106,2026-02-17T18:00:00Z,KSDL,KSAN
20074127,2026-02-17T18:00:00Z,KSBA,KBTR
20086412,2026-02-17T19:30:00Z,KOXC,KJFK
20078327,2026-02-17T19:00:00Z,KJAX,KTEB
20016893,2026-02-17T18:00:00Z,TQPF,KBED
20090620,2026-02-17T22:30:00Z,KLAS,KEUG
20090621,2026-02-18T01:18:00Z,KEUG,KVNY
20111059,2026-02-17T17:00:00Z,KSAF,KSFO
20094687,2026-02-18T03:00:00Z,KFAT,KSAN
198825012,2026-02-17T18:57:00Z,KDAL,MYNN
20111069,2026-02-17T22:33:00Z,KSRQ,KPDK
